FoodID,ingred_desc,Ingredient code,taxon
81101,Butter_salted,1001,Butter
81107,Butter_whipped_with_salt,1002,Butter_whipped
81101,Butter_oil_anhydrous,1003,Butter
14101,Cheese_blue,1004,Blue_or_Rouquefort
14102,Cheese_brick,1005,Brick
14103,Cheese_brie,1006,Camembert_or_Brie
14103,Cheese_camembert,1007,Camembert_or_Brie
141041,Cheese_cheddar,1009,Cheddar
141042,Cheese_colby,1011,Colby_or_Colby_Jack
14203,Cheese_cottage_creamed_large_or_small_curd,1012,Cheese_cottage_dry_or_salted_curd
14203,Cheese_cottage_nonfat_uncreamed_dry_large_or_small_curd,1014,Cheese_cottage_dry_or_salted_curd
14204,Cheese_cottage_lowfat_2_milkfat,1015,Cheese_cottage_lowfat
14204,Cheese_cottage_lowfat_1_milkfat,1016,Cheese_cottage_lowfat
143,Cheese_cream,1017,Cream_cheeses
141044,Cheese_feta,1019,Feta
141046,Cheese_fontina,1020,Fontina
141050,Cheese_gouda,1022,Gouda
141052,Cheese_gruyere,1023,Gruyere
141062,Cheese_monterey,1025,Monterey
141070,Cheese_mozzarella_whole_milk,1026,Mozzarella
141070,Cheese_mozzarella_part_skim_milk,1028,Mozzarella
141070,Cheese_mozzarella_low_moisture_partskim,1029,Mozzarella
141072,Cheese_muenster,1030,Muenster
141080,Cheese_parmesan_grated,1032,Parmesan
141080,Cheese_parmesan_hard,1033,Parmesan
141084,Cheese_provolone,1035,Provolone
14201,Cheese_ricotta_whole_milk,1036,Cottage_cheese_or_Ricotta
14201,Cheese_ricotta_part_skim_milk,1037,Cottage_cheese_or_Ricotta
141081,Cheese_romano,1038,Romano
14412,Cheese_swiss,1040,Cheese_Swiss
14410,Cheese_pasteurized_process_American_fortified_with_vitamin_D,1042,Cheese_American
144,Cheese_spread_pasteurized_process_American,1048,Processed_cheeses_and_cheese_spreads
1212,Cream_fluid_half_and_half,1049,Cream_half_and_half
1211,Cream_fluid_light_coffee_cream_or_table_cream,1050,Cream_light
1214,Cream_fluid_light_whipping,1052,Cream_whipped_light
1215,Cream_fluid_heavy_whipping,1053,Cream_whipped_heavy
1216,Cream_whipped_cream_topping_pressurized,1054,Cream_whipped_pressurized
123,Cream_sour_cultured,1056,Sour_cream
14410,Cheese_American_nonfat_or_fat_free,1061,Cheese_American
122,Cream_substitute_liquid_with_hydrogenated_vegetable_oil_and_soy_protein,1067,Cream_substitutes
1223,Cream_substitute_powdered,1069,Cream_substitutes_powdered
1111,Milk_whole_325_milkfat_with_added_vitamin_D,1077,Milk_fluid_whole
1112,Milk_reduced_fat_fluid_2_milkfat_with_added_vitamin_A_and_vitamin_D,1079,Milk_fluid_2_percent
1113,Milk_lowfat_fluid_1_milkfat_with_added_vitamin_A_and_vitamin_D,1082,Milk_fluid_1_percent
1114,Milk_nonfat_fluid_with_added_vitamin_A_and_vitamin_D_fat_free_or_skim,1085,Milk_fluid_nonfat
1117,Milk_buttermilk_fluid_cultured_lowfat,1088,Buttermilk
1111,Milk_dry_whole_with_added_vitamin_D,1090,Milk_fluid_whole
1115,Milk_dry_nonfat_regular_without_added_vitamin_A_and_vitamin_D,1091,Milk_dry_reconstituted
1115,Milk_dry_nonfat_instant_with_added_vitamin_A_and_vitamin_D,1092,Milk_dry_reconstituted
1117,Milk_buttermilk_dried,1094,Buttermilk
116,Milk_goat_fluid_with_added_vitamin_D,1106,Milk_goat
1116,Milk_averaged_fat_with_added_vitamin_A_and_D,1111,Milk_averaged_fat
1183,Whey_acid_dried,1113,Whey_acid_dry
1182,Whey_sweet_dried,1115,Whey_sweet_dry
1141,Yogurt_plain_whole_milk_8_grams_protein_per_8_ounce,1116,Yogurt_plain
1141,Yogurt_plain_low_fat_12_grams_protein_per_8_ounce,1117,Yogurt_plain
1141,Yogurt_plain_skim_milk_13_grams_protein_per_8_ounce,1118,Yogurt_plain
3110,Egg_whole_raw_fresh,1123,Egg_whole_or_white
3110,Egg_white_raw_fresh,1124,Egg_whole_or_white
3111,Egg_yolk_raw_fresh,1125,Egg_yolk_only
3110,Egg_whole_cooked_fried,1128,Egg_whole_or_white
3110,Egg_whole_cooked_hardboiled,1129,Egg_whole_or_white
3213,Egg_whole_cooked_poached,1131,Egg_omelet_or_scrambled
3213,Egg_whole_cooked_scrambled,1132,Egg_omelet_or_scrambled
3110,Egg_whole_dried,1133,Egg_whole_or_white
81101,Butter_without_salt,1145,Butter
1114,Milk_nonfat_fluid_without_added_vitamin_A_and_vitamin_D_fat_free_or_skim,1151,Milk_fluid_nonfat
1115,Milk_dry_nonfat_regular_with_added_vitamin_A_and_vitamin_D,1154,Milk_dry_reconstituted
141047,Cheese_goat_semisoft_type,1157,Goat
1465,Cheese_sauce_prepared_from_recipe,1164,Cheese_based_sauce
1413,Cheese_mexican_queso_anejo,1165,Queso_cheeses
1413,Cheese_mexican_queso_asadero,1166,Queso_cheeses
1413,Cheese_mexican_queso_chihuahua,1167,Queso_cheeses
1411,Cheese_lowsodium_cheddar_or_colby,1169,Cheddar_reduced_sodium
1112,Milk_reduced_fat_fluid_2_milkfat_without_added_vitamin_A_and_vitamin_D,1174,Milk_fluid_2_percent
1233,Sour_cream_reduced_fat,1178,Sour_cream_reduced_fat
1233,Sour_cream_light,1179,Sour_cream_reduced_fat
1233,Sour_cream_fat_free,1180,Sour_cream_reduced_fat
1462,Parmesan_cheese_topping_fat_free,1185,Cheese_dip_or_topping
143,Cheese_cream_fat_free,1186,Cream_cheeses
1211,Cream_half_and_half_fat_free,1199,Cream_light
1224,Cream_substitute_flavored_liquid,1205,Cream_substitutes_liquid
1223,Cream_substitute_flavored_powdered,1206,Cream_substitutes_powdered
141084,Cheese_provolone_reduced_fat,1208,Provolone
1412,Cheese_Mexican_blend_reduced_fat,1209,Cheese_Mexican_blend
1111,Milk_whole_325_milkfat_without_added_vitamin_A_and_vitamin_D,1211,Milk_fluid_whole
1115,Milk_dry_whole_without_added_vitamin_D,1212,Milk_dry_reconstituted
1441,Cheese_product_pasteurized_process_American_reduced_fat_fortified_with_vitamin_D,1215,Cheese_processed
9511,Protein_supplement_milk_based_Muscle_Milk_powder,1223,Protein_drink
9511,Protein_supplement_milk_based_Muscle_Milk_Light_powder,1224,Protein_drink
33,Egg_substitute_liquid_or_frozen_fat_free,1226,Egg_substitutes
1413,Cheese_fresh_queso_fresco,1228,Queso_cheeses
1117,Milk_buttermilk_fluid_whole,1230,Buttermilk
1146,Yogurt_frozen_flavors_not_chocolate_nonfat_milk_with_lowcalorie_sweetener,1235,Yogurt_frozen_flavored
1312,Milk_dessert_bar_frozen_made_from_lowfat_milk,1244,Ice_cream_bar_cone_cake
1412,Cheese_Mexican_blend,1251,Cheese_Mexican_blend
1441,Cheese_product_pasteurized_process_American_vitamin_D_fortified,1252,Cheese_processed
14410,Cheese_pasteurized_process_American_without_added_vitamin_D,1253,Cheese_American
1147,Yogurt_Greek_plain_nonfat,1256,Yogurt_greek
14410,Cheese_spread_American_or_Cheddar_cheese_base_reduced_fat,1259,Cheese_American
141041,Cheese_cheddar_reduced_fat,1260,Cheddar
1413,Cheese_mexican_queso_cotija,1267,Queso_cheeses
1147,Yogurt_Greek_strawberry_lowfat,1284,Yogurt_greek
1147,Yogurt_Greek_strawberry_nonfat,1285,Yogurt_greek
1147,Yogurt_Greek_vanilla_nonfat,1286,Yogurt_greek
1147,Yogurt_Greek_plain_lowfat,1287,Yogurt_greek
1149,Kefir_lowfat_plain_LIFEWAY,1289,Yogurt_kefir
1149,Kefir_lowfat_strawberry_LIFEWAY,1290,Yogurt_kefir
1118,Milk_chocolate_fat_free_with_added_vitamin_A_and_vitamin_D,1292,Chocolate_milk
1147,Yogurt_Greek_plain_whole_milk,1293,Yogurt_greek
1147,Yogurt_Greek_fruit_whole_milk,1294,Yogurt_greek
1147,Yogurt_Greek_vanilla_lowfat,1297,Yogurt_greek
1146,Yogurt_frozen_flavors_other_than_chocolate_lowfat,1298,Yogurt_frozen_flavored
4501,Spices_basil_dried,2003,Spices_basil_dried
4502,Spices_caraway_seed,2005,Spices_caraway_seed
4503,Spices_celery_seed,2007,Spices_celery_seed
4504,Spices_chili_powder,2009,Spices_chili_powder
4505,Spices_cinnamon_ground,2010,Spices_cinnamon_ground
4506,Spices_cloves_ground,2011,Spices_cloves_ground
4507,Spices_coriander_leaf_dried,2012,Spices_coriander_leaf_dried
4508,Spices_cumin_seed,2014,Spices_cumin_seed
4509,Spices_curry_powder,2015,Spices_curry_powder
4510,Spices_garlic_powder,2020,Spices_garlic_powder
4511,Spices_ginger_ground,2021,Spices_ginger_ground
4512,Spices_marjoram_dried,2023,Spices_marjoram_dried
4513,Spices_mustard_seed_ground,2024,Spices_mustard_seed_ground
4514,Spices_nutmeg_ground,2025,Spices_nutmeg_ground
4515,Spices_onion_powder,2026,Spices_onion_powder
4516,Spices_oregano_dried,2027,Spices_oregano_dried
4517,Spices_paprika,2028,Spices_paprika
4518,Spices_parsley_dried,2029,Spices_parsley_dried
4519,Spices_pepper_black,2030,Spices_pepper_black
4520,Spices_pepper_red_or_cayenne,2031,Spices_pepper_red_or_cayenne
4521,Spices_poultry_seasoning,2034,Spices_poultry_seasoning
4522,Spices_pumpkin_pie_spice,2035,Spices_pumpkin_pie_spice
4523,Spices_sage_ground,2038,Spices_sage_ground
4524,Spices_thyme_dried,2042,Spices_thyme_dried
4525,Spices_turmeric_ground,2043,Spices_turmeric_ground
790,Basil_fresh,2044,Basil_fresh
842,Mustard_prepared_yellow,2046,Mustard_yellow
840,Salt_table,2047,Table_salt
841,Vinegar_cider,2048,Vinegar
919,Vanilla_extract_imitation_no_alcohol,2052,Vanilla_extract
841,Vinegar_distilled,2053,Vinegar
63118,Capers_canned,2054,Capers
843,Horseradish_prepared,2055,Horseradish
943,Babyfoods_water_bottled_GERBER_without_added_fluoride,3024,Water_baby_food
67104,Babyfood_fruit_applesauce_strained,3116,Applesauce_and_other_fruit_baby_food
67106,Babyfood_fruit_bananas_with_tapioca_strained,3129,Bananas_with_other_fruit_baby_food
672,Babyfood_applebanana_juice,3167,Fruit_juice_and_fruit_juice_mixtures_baby
672,Babyfood_juice_orange_and_apple_and_banana,3174,Fruit_juice_and_fruit_juice_mixtures_baby
578,Babyfood_cereal_Rice_dry_fortified,3194,Cereals_baby_food
5435,Babyfood_teething_biscuits,3216,Crackers_baby_food
1326,Babyfood_dessert_custard_pudding_vanilla_strained,3245,Pudding_baby_food
1326,Babyfood_dessert_custard_pudding_vanilla_junior,3246,Pudding_baby_food
67106,Babyfood_fruit_bananas_with_tapioca_junior,3280,Bananas_with_other_fruit_baby_food
1171,Child_formula_ABBOTT_NUTRITION_PEDIASURE_readytofeed,3860,Infant_formula_fluit
81201,Fat_beef_tallow,4001,Animal_fat_or_drippings
81202,Lard,4002,Lard
8211,Oil_soybean_salad_or_cooking_partially_hydrogenated,4034,Soybean_oil
8215,Oil_peanut_salad_or_cooking,4042,Peanut_oil
8211,Oil_soybean_salad_or_cooking,4044,Soybean_oil
8223,Oil_coconut,4047,Coconut_oil
8210,Oil_olive_salad_or_cooking,4053,Olive_oil
8217,Oil_sesame_salad_or_cooking,4058,Sesame_oil
81104,Margarinelike_vegetable_oil_spread_unspecified_oils_approximately_37_fat_with_salt,4128,Margarine_like_spread_or_vegetable_oil_spread
811,Oil_table_fat_averaged,4321,Table_fats
821,Vegetable_oil_averaged,4322,Vegetable_oils
811,Table_fat_averaged,4323,Table_fats
8213,Oil_cottonseed_salad_or_cooking,4502,Cottonseed_oil
8220,Oil_sunflower_linoleic_approx_65,4506,Sunflower_oil
8220,Oil_safflower_salad_or_cooking_high_oleic_primary_safflower_oil_of_commerce,4511,Sunflower_oil
8212,Oil_corn_industrial_and_retail_all_purpose_salad_or_cooking,4518,Corn_oil
8221,Oil_almond,4529,Almond_oil
81201,Fat_chicken,4542,Animal_fat_or_drippings
8211,Oil_soybean_salad_or_cooking_partially_hydrogenated_and_cottonseed,4543,Soybean_oil
81203,Shortening_industrial_soybean_hydrogenated_and_cottonseed,4554,Shortening
81201,Fat_turkey,4575,Animal_fat_or_drippings
8214,Oil_canola,4582,Canola_oil
81105,Margarinelike_margarinebutter_blend_soybean_oil_and_butter,4585,Butter_margarine_blend
81101,Butter_light_stick_with_salt,4601,Butter
81201,Animal_fat_bacon_grease,4609,Animal_fat_or_drippings
81102,Margarine_regular_80_fat_composite_stick_with_salt,4610,Margarine_stick_or_tub
81102,Margarine_regular_80_fat_composite_tub_with_salt,4611,Margarine_stick_or_tub
81104,Margarinelike_vegetable_oil_spread_60_fat_tub_with_salt,4613,Margarine_like_spread_or_vegetable_oil_spread
81104,Margarinelike_vegetable_oil_spread_60_fat_sticktubbottle_with_salt,4614,Margarine_like_spread_or_vegetable_oil_spread
81203,Shortening_vegetable_household_composite,4615,Shortening
81102,Margarine_regular_80_fat_composite_stick_without_salt,4617,Margarine_stick_or_tub
81104,Margarinelike_vegetable_oil_spread_fat_free_liquid_with_salt,4624,Margarine_like_spread_or_vegetable_oil_spread
81103,Margarinelike_spread_with_yogurt_approximately_40_fat_tub_with_salt,4627,Margarine_like_spread
81104,Margarinelike_vegetable_oil_spread_fatfree_tub,4631,Margarine_like_spread_or_vegetable_oil_spread
81104,Margarinelike_vegetable_oil_spread_20_fat_with_salt,4633,Margarine_like_spread_or_vegetable_oil_spread
833,Salad_dressing_thousand_island_dressing_fatfree,4635,Fat_free_salad_dressings
833,Salad_dressing_italian_dressing_fatfree,4636,Fat_free_salad_dressings
831,Salad_dressing_ranch_dressing_regular,4639,Regular_salad_dressings
832,Salad_dressing_mayonnaise_light,4641,Light_salad_dressings
8211,Oil_industrial_soy_partially_hydrogenated_multiuse_for_nondairy_butter_flavor,4651,Soybean_oil
8211,Oil_industrial_soy__partially_hydrogenated_all_purpose,4652,Soybean_oil
8211,Oil_industrial_soy_partially_hydrogenated__and_cottonseed_principal_use_as_a_tortilla_shortening,4654,Soybean_oil
8223,Oil_industrial_coconut_confection_fat_typical_basis_for_ice_cream_coatings,4659,Coconut_oil
823,Oil_PAM_cooking_spray_original,4679,Cooking_spray
81104,Margarinelike_vegetable_oil_spread_approximately_37_fat_unspecified_oils_with_salt_with_added_vitamin_D,4690,Margarine_like_spread_or_vegetable_oil_spread
81102,Margarine_regular_80_fat_composite_stick_with_salt_with_added_vitamin_D,4691,Margarine_stick_or_tub
81102,Margarine_regular_80_fat_composite_tub_with_salt_with_added_vitamin_D,4692,Margarine_stick_or_tub
81104,Margarinelike_vegetable_oil_spread_60_fat_tub_with_salt_with_added_vitamin_D,4694,Margarine_like_spread_or_vegetable_oil_spread
81104,Margarinelike_vegetableoil_spread_sticktubbottle_60_fat_with_added_vitamin_D,4695,Margarine_like_spread_or_vegetable_oil_spread
81102,Margarine_regular_80_fat_composite_stick_without_salt_with_added_vitamin_D,4696,Margarine_stick_or_tub
8214,Oil_industrial_canola_high_oleic,4698,Canola_oil
8211,Oil_industrial_soy_low_linolenic,4699,Soybean_oil
8211,Oil_industrial_soy_ultra_low_linolenic,4700,Soybean_oil
8211,Oil_industrial_soy_fully_hydrogenated,4701,Soybean_oil
2412,Chicken_broiler_rotisserie_BBQ_breast_meat_only,5000,Chicken_breast
2418,Chicken_broilers_or_fryers_meat_and_skin_and_giblets_and_neck_roasted,5004,Chicken_neck_or_ribs
2410,Chicken_broilers_or_fryers_meat_only_stewed,5014,Chicken_NS_as_to_part
2410,Chicken_broilers_or_fryers_skin_only_raw,5015,Chicken_NS_as_to_part
2410,Chicken_broilers_or_fryers_skin_only_cooked_roasted,5018,Chicken_NS_as_to_part
2419,Chicken_broilers_or_fryers_giblets_cooked_simmered,5022,Chicken_other_part_or_processed
2419,Chicken_gizzard_all_classes_cooked_simmered,5024,Chicken_other_part_or_processed
251104,Chicken_liver_all_classes_raw,5027,Chicken
251104,Chicken_liver_all_classes_cooked_simmered,5028,Chicken
2410,Chicken_broilers_or_fryers_light_meat_meat_only_cooked_stewed,5042,Chicken_NS_as_to_part
2410,Chicken_broilers_or_fryers_dark_meat_meat_only_cooked_roasted,5045,Chicken_NS_as_to_part
2410,Chicken_broilers_or_fryers_separable_fat_raw,5047,Chicken_NS_as_to_part
2417,Chicken_broilers_or_fryers_back_meat_and_skin_cooked_roasted,5051,Chicken_back
2417,Chicken_broilers_or_fryers_back_meat_and_skin_cooked_stewed,5052,Chicken_back
2412,Chicken_broiler_or_fryers_breast_skinless_boneless_meat_only_raw,5062,Chicken_breast
2412,Chicken_broilers_or_fryers_breast_meat_only_cooked_roasted,5064,Chicken_breast
2414,Chicken_broilers_or_fryers_drumstick_meat_and_skin_cooked_roasted,5069,Chicken_drumstick
2414,Chicken_broilers_or_fryers_dark_meat_drumstick_meat_only_cooked_roasted,5073,Chicken_drumstick
2418,Chicken_broilers_or_fryers_neck_meat_and_skin_cooked_simmered,5087,Chicken_neck_or_ribs
2415,Chicken_broilers_or_fryers_thigh_meat_and_skin_raw,5091,Chicken_thigh
2415,Chicken_broilers_or_fryers_thigh_meat_and_skin_cooked_roasted,5094,Chicken_thigh
2415,Chicken_broilers_or_fryers_thigh_meat_only_cooked_roasted,5098,Chicken_thigh
2416,Chicken_broilers_or_fryers_wing_meat_and_skin_cooked_roasted,5103,Chicken_wing
2416,Chicken_broilers_or_fryers_wing_meat_and_skin_cooked_stewed,5104,Chicken_wing
243,Duck_domesticated_meat_and_skin_cooked_roasted,5140,Duck
243,Duck_domesticated_meat_only_raw,5141,Duck
243,Duck_domesticated_meat_only_cooked_roasted,5142,Duck
242,Turkey_whole_meat_and_skin_raw,5165,Turkey
242,Turkey_whole_meat_and_skin_cooked_roasted,5166,Turkey
242,Turkey_whole_meat_only_raw,5167,Turkey
242,Turkey_whole_meat_only_cooked_roasted,5168,Turkey
242,Turkey_whole_giblets_cooked_simmered,5172,Turkey
242,Turkey_from_whole_neck_meat_only_cooked_simmered,5180,Turkey
242,Turkey_from_whole_light_meat_meat_and_skin_cooked_roasted,5182,Turkey
242,Turkey_dark_meat_from_whole_meat_and_skin_cooked_roasted,5184,Turkey
242,Turkey_all_classes_light_meat_cooked_roasted,5186,Turkey
242,Turkey_from_whole_dark_meat_cooked_roasted,5188,Turkey
24202,Turkey_all_classes_leg_meat_and_skin_cooked_roasted,5194,Turkey_drumstick_or_thigh
24203,Turkey_all_classes_wing_meat_and_skin_cooked_roasted,5196,Turkey_wing
242,Turkey_fryerroasters_meat_and_skin_cooked_roasted,5200,Turkey
242,Turkey_breast_from_whole_bird_nonenhanced_meat_only_roasted,5220,Turkey
24203,Turkey_wing_from_whole_bird_nonenhanced_meat_only_roasted,5228,Turkey_wing
242,Ground_turkey_cooked,5306,Turkey
241,Chicken_cornish_game_hens_meat_and_skin_cooked_roasted,5308,Chicken
241,Chicken_cornish_game_hens_meat_only_cooked_roasted,5310,Chicken
241,Chicken_canned_no_broth,5311,Chicken
2412,Chicken_broilers_or_fryers_breast_skinless_boneless_meat_only_enhanced_raw,5314,Chicken_breast
2414,Chicken_broiler_rotisserie_BBQ_drumstick_meat_only,5319,Chicken_drumstick
241,Chicken_patty_frozen_cooked,5324,Chicken
2415,Chicken_broiler_rotisserie_BBQ_thigh_meat_only,5334,Chicken_thigh
241,Chicken_feet_boiled,5335,Chicken
2412,Chicken_broiler_rotisserie_BBQ_breast_meat_and_skin,5358,Chicken_breast
2414,Chicken_broiler_rotisserie_BBQ_drumstick_meat_and_skin,5359,Chicken_drumstick
2415,Chicken_broiler_rotisserie_BBQ_thigh_meat_and_skin,5361,Chicken_thigh
2416,Chicken_broiler_rotisserie_BBQ_wing_meat_and_skin,5362,Chicken_wing
2414,Chicken_broilers_or_fryers_dark_meat_drumstick_meat_only_cooked_braised,5671,Chicken_drumstick
2415,Chicken_broilers_or_fryers_dark_meat_thigh_meat_only_cooked_braised,5672,Chicken_thigh
2414,Chicken_broilers_or_fryers_dark_meat_drumstick_meat_and_skin_cooked_braised,5676,Chicken_drumstick
2415,Chicken_broilers_or_fryers_dark_meat_thigh_meat_and_skin_cooked_braised,5677,Chicken_thigh
24201,Turkey_enhanced_dark_meat_meat_only_cooked_roasted,5695,Turkey_NS_light_or_dark_meat
24201,Turkey_from_whole_enhanced_light_meat_meat_only_cooked_roasted,5697,Turkey_NS_light_or_dark_meat
24201,Turkey_enhanced_skin_from_whole_light_and_dark_roasted,5699,Turkey_NS_light_or_dark_meat
24201,Turkey_enhanced_dark_meat_from_whole_meat_and_skin_cooked_roasted,5701,Turkey_NS_light_or_dark_meat
24201,Turkey_from_whole_enhanced_light_meat_meat_and_skin_cooked_roasted,5703,Turkey_NS_light_or_dark_meat
242,Turkey_whole_enhanced_meat_only_roasted,5705,Turkey
242,Turkey_whole_enhanced_meat_and_skin_roasted,5707,Turkey
24202,Turkey_drumstick_from_whole_bird_enhanced_meat_only_roasted,5725,Turkey_drumstick_or_thigh
242,Turkey_retail_parts_enhanced_breast_meat_and_skin_raw,5727,Turkey
24202,Turkey_thigh_from_whole_bird_enhanced_meat_only_roasted,5728,Turkey_drumstick_or_thigh
24203,Turkey_wing_from_whole_bird_enhanced_meat_only_roasted,5730,Turkey_wing
24202,Turkey_drumstick_from_whole_bird_meat_only_roasted,5739,Turkey_drumstick_or_thigh
24202,Turkey_thigh_from_whole_bird_meat_only_roasted,5741,Turkey_drumstick_or_thigh
24202,Turkey_retail_parts_thigh_meat_and_skin_cooked_roasted,5743,Turkey_drumstick_or_thigh
24205,Turkey_back_from_whole_bird_enhanced_meat_and_skin_roasted,5745,Turkey_tail_or_back
2831,Soup_beef_broth_or_bouillon_canned_readytoserve,6008,Beef_soups
2834,Soup_chicken_broth_canned_condensed,6013,Poultry_soups
283,Soup_beef_broth_or_bouillon_powder_dry,6075,Soups_broths_extracts_from_meat_poultry_fish_base
871,Gravy_beef_canned_readytoserve,6116,Beef_gravy
872,Gravy_chicken_canned_or_bottled_readytoserve,6119,Chicken_gravy
875,Gravy_turkey_canned_readytoserve,6125,Turkey_gravy
2834,Soup_stock_chicken_homeprepared,6172,Poultry_soups
2831,Soup_beef_broth_lessreduced_sodium_ready_to_serve,6188,Beef_soups
2834,Soup_chicken_broth_readytoserve,6194,Poultry_soups
756,Soup_vegetable_with_beef_broth_canned_prepared_with_equal_volume_water,6472,Vegetable_soups
2522,Braunschweiger_a_liver_sausage_pork,7014,Sausages
2521,Frankfurter_beef_unheated,7022,Frankfurters
2521,Frankfurter_turkey,7025,Frankfurters
223,Ham_chopped_not_canned,7027,Ham
223,Ham_sliced_prepackaged_deli_meat_96fat_free_water_added,7028,Ham
223,Ham_sliced_regular_approximately_11_fat,7029,Ham
223,Ham_salad_spread,7031,Ham
210,Roast_beef_deli_style_prepackaged_sliced,7043,Beef_NS
2511,Pate_chicken_liver_canned,7053,Liver
2522,Pork_sausage_linkpatty_cooked_panfried,7064,Sausages
242,Turkey_breast_sliced_prepackaged,7081,Turkey
2522,Sausage_Italian_pork_cooked,7089,Sausages
2522,Beef_sausage_precooked,7954,Sausages
2412,Chicken_breast_deli_rotisserie_seasoned_sliced_prepackaged,7961,Chicken_breast
2522,Pork_sausage_linkpatty_reduced_fat_cooked_panfried,7966,Sausages
2522,Kielbasa_fully_cooked_grilled,7968,Sausages
242,Turkey_bacon_microwaved,7973,Turkey
242,Bacon_turkey_low_sodium,7974,Turkey
2522,Sausage_chicken_or_turkey_Italian_style__lower_sodium,7976,Sausages
571,Cereals_readytoeat_wheat_germ_toasted_plain,8084,Ready_to_eat_cereals
564,Cereals_corn_grits_white_regular_and_quick_enriched_dry,8090,Grits_cooked_cornmeal_or_cornstarch
566,Cereals_oats_regular_and_quick_not_fortified_dry,8120,Oatmeal
571,Cereals_readytoeat_BARBARAS_PUFFINS_original,8657,Ready_to_eat_cereals
63101,Apples_raw_with_skin,9003,Apple_or_applesauce
63101,Apples_raw_without_skin,9004,Apple_or_applesauce
63101,Apples_raw_without_skin_cooked_microwave,9006,Apple_or_applesauce
62101,Apples_dehydrated_low_moisture_sulfured_uncooked,9009,Fruit_NS_or_apple
62101,Apples_dried_sulfured_uncooked,9011,Fruit_NS_or_apple
62101,Apples_dried_sulfured_stewed_without_added_sugar,9012,Fruit_NS_or_apple
641,Apple_juice_canned_or_bottled_unsweetened_without_added_ascorbic_acid,9016,Apple_juice
63101,Applesauce_canned_unsweetened_without_added_ascorbic_acid_includes_USDA_commodity,9019,Apple_or_applesauce
63101,Applesauce_canned_sweetened_without_salt_includes_USDA_commodity,9020,Apple_or_applesauce
63103,Apricots_raw,9021,Apricot
63103,Apricots_canned_water_pack_with_skin_solids_and_liquids,9022,Apricot
63103,Apricots_canned_juice_pack_with_skin_solids_and_liquids,9024,Apricot
63103,Apricots_canned_light_syrup_pack_with_skin_solids_and_liquids,9026,Apricot
63103,Apricots_canned_heavy_syrup_pack_with_skin_solids_and_liquids,9027,Apricot
62104,Apricots_dried_sulfured_uncooked,9032,Apricot
62104,Apricots_dried_sulfured_stewed_without_added_sugar,9033,Apricot
6421,Apricot_nectar_canned_without_added_ascorbic_acid,9036,Apricot_nectar
63105,Avocados_raw_all_commercial_varieties,9037,Avocado
62107,Bananas_raw,9040,Banana
63201,Blackberries_raw,9042,Blackberries
63201,Blackberry_juice_canned,9043,Blackberries
63115,Cherries_tart_dried_sweetened,9044,Cherries_sweet
63201,Blackberries_frozen_unsweetened,9048,Blackberries
62105,Blueberries_raw,9050,Blueberries
62105,Blueberries_canned_heavy_syrup_solids_and_liquids,9052,Blueberries
62105,Blueberries_frozen_unsweetened,9054,Blueberries
62105,Blueberries_frozen_sweetened,9055,Blueberries
63205,Boysenberries_frozen_unsweetened,9057,Boysenberries
63113,Cherries_sour_red_canned_water_pack_solids_and_liquids_includes_USDA_commodity_red_tart_cherries_canned,9064,Cherries_sour
63115,Cherries_sour_red_frozen_unsweetened,9068,Cherries_sweet
63115,Cherries_sweet_raw,9070,Cherries_sweet
63115,Cherries_sweet_canned_water_pack_solids_and_liquids,9071,Cherries_sweet
63115,Cherries_sweet_canned_juice_pack_solids_and_liquids,9072,Cherries_sweet
63115,Cherries_sweet_canned_light_syrup_pack_solids_and_liquids,9073,Cherries_sweet
63115,Cherries_sweet_canned_pitted_heavy_syrup_pack_solids_and_liquids,9074,Cherries_sweet
63207,Cranberries_raw,9078,Cranberries
62109,Cranberries_dried_sweetened,9079,Cranberries
63207,Cranberry_sauce_canned_sweetened,9081,Cranberries
62108,Currants_zante_dried,9085,Currants
62110,Dates_deglet_noor,9087,Date
63119,Figs_raw,9089,Figs
63119,Figs_canned_light_syrup_pack_solids_and_liquids,9091,Figs
63119,Figs_canned_heavy_syrup_pack_solids_and_liquids,9092,Figs
62113,Figs_dried_uncooked,9094,Fig
63119,Figs_dried_stewed,9095,Figs
61101,Grapefruit_raw_pink_and_red_and_white_all_areas,9111,Grapefruit
61101,Grapefruit_sections_canned_water_pack_solids_and_liquids,9119,Grapefruit
61101,Grapefruit_sections_canned_light_syrup_pack_solids_and_liquids,9121,Grapefruit
6120,Grapefruit_juice_white_canned_or_bottled_unsweetened,9123,Grapefruit_lemon_lime_juice
6120,Grapefruit_juice_white_frozen_concentrate_unsweetened_undiluted,9125,Grapefruit_lemon_lime_juice
6120,Grapefruit_juice_pink_or_red_with_added_calcium,9127,Grapefruit_lemon_lime_juice
6120,Grapefruit_juice_white_raw,9128,Grapefruit_lemon_lime_juice
643,Grape_juice_canned_or_bottled_unsweetened_with_added_ascorbic_acid,9130,Grape_juice
63123,Grapes_red_or_green_European_type_such_as_Thompson_seedless_raw,9132,Grapes
643,Grape_juice_canned_or_bottled_unsweetened_without_added_ascorbic_acid,9135,Grape_juice
63125,Guavas_common_raw,9139,Guava
63125,Guava_sauce_cooked,9143,Guava
63126,Kiwifruit_green_raw,9148,Juneberry_Kiwi_Lychee
61110,Kumquats_raw,9149,Kumquat
61113,Lemons_raw_without_peel,9150,Lemon
61113,Lemon_juice_raw,9152,Lemon
61113,Lemon_juice_from_concentrate_canned_or_bottled,9153,Lemon
61113,Lemon_peel_raw,9156,Lemon
61116,Limes_raw,9159,Lime
61116,Lime_juice_raw,9160,Lime
61116,Lime_juice_canned_or_bottled_unsweetened,9161,Lime
62105,Blueberries_dried_sweetened,9163,Blueberries
63126,Litchis_raw,9164,Juneberry_Kiwi_Lychee
63129,Mangos_raw,9176,Mango
62114,Mango_dried_sweetened,9178,Lychee_or_mango
63109,Melons_cantaloupe_raw,9181,Cantaloupe_or_starfruit
63127,Melons_honeydew_raw,9184,Honeydew
63131,Nectarines_raw,9191,Nectarine
755,Olives_ripe_canned_smallextra_large,9193,Olives_pickles_relishes
755,Olives_pickled_canned_or_bottled_green,9195,Olives_pickles_relishes
61119,Oranges_raw_all_commercial_varieties,9200,Orange
6121,Orange_juice_raw,9206,Orange_tangerine_or_juice_blend
6121,Orange_juice_canned_unsweetened,9207,Orange_tangerine_or_juice_blend
6121,Orange_juice_chilled_includes_from_concentrate,9209,Orange_tangerine_or_juice_blend
6121,Orange_juice_chilled_includes_from_concentrate_with_added_calcium_and_vitamin_D,9210,Orange_tangerine_or_juice_blend
6121,Orange_juice_chilled_includes_from_concentrate_with_added_calcium,9211,Orange_tangerine_or_juice_blend
6121,Orange_juice_frozen_concentrate_unsweetened_undiluted_with_added_calcium,9213,Orange_tangerine_or_juice_blend
6121,Orange_juice_frozen_concentrate_unsweetened_undiluted,9214,Orange_tangerine_or_juice_blend
6121,Orange_juice_frozen_concentrate_unsweetened_diluted_with_3_volume_water,9215,Orange_tangerine_or_juice_blend
61125,Tangerines_mandarin_oranges_raw,9218,Tangelo_or_tangerine
61125,Tangerines_mandarin_oranges_canned_juice_pack,9219,Tangelo_or_tangerine
6121,Tangerine_juice_raw,9221,Orange_tangerine_or_juice_blend
63133,Papayas_raw,9226,Papaya
6422,Papaya_nectar_canned,9229,Papaya_nectar
63134,Passionfruit_granadilla_purple_raw,9231,Passion_fruit
63134,Passionfruit_juice_purple_raw,9232,Passion_fruit
63135,Peaches_yellow_raw,9236,Peach
63135,Peaches_canned_water_pack_solids_and_liquids,9237,Peach
62116,Peaches_dried_sulfured_uncooked,9246,Peach
6423,Peach_nectar_canned_without_added_ascorbic_acid,9251,Peach_nectar
63137,Pears_raw,9252,Pear
63137,Pears_canned_water_pack_solids_and_liquids,9253,Pear
62119,Pears_dried_sulfured_uncooked,9259,Pear
6424,Pear_nectar_canned_without_added_ascorbic_acid,9262,Pear_nectar
63139,Persimmons_japanese_raw,9263,Persimmon
63141,Pineapple_raw_all_varieties,9266,Pineapple
63141,Pineapple_canned_water_pack_solids_and_liquids,9267,Pineapple
63141,Pineapple_canned_juice_pack_solids_and_liquids,9268,Pineapple
644,Pineapple_juice_canned_or_bottled_unsweetened_without_added_ascorbic_acid,9273,Pineapple_juice
63108,Plantains_raw,9277,Plantain
63108,Plantains_cooked,9278,Plantain
63143,Plums_raw,9279,Plum
63145,Pomegranates_raw,9286,Pomegranate
62122,Plums_dried_prunes_uncooked,9291,Prune
62122,Plums_dried_prunes_stewed_without_added_sugar,9292,Prune
645,Prune_juice_canned,9294,Prune_juice
62125,Raisins_seedless,9298,Raisins
63219,Raspberries_raw,9302,Raspberries
63147,Rhubarb_raw,9307,Rhubarb
63147,Rhubarb_frozen_uncooked,9309,Rhubarb
63223,Strawberries_raw,9316,Strawberries
63223,Strawberries_frozen_unsweetened,9318,Strawberries
62126,Tamarinds_raw,9322,Tamarind
63149,Watermelon_raw,9326,Watermelon
62119,Pears_asian_raw,9340,Pear
63141,Pineapple_canned_juice_pack_drained,9354,Pineapple
61125,Tangerines_mandarin_oranges_canned_juice_pack_drained,9383,Tangelo_or_tangerine
641,Apple_juice_canned_or_bottled_unsweetened_with_added_ascorbic_acid,9400,Apple_juice
644,Pineapple_juice_canned_or_bottled_unsweetened_with_added_ascorbic_acid,9409,Pineapple_juice
6425,Guanabana_nectar_canned,9434,Guanabana_nectar
6426,Mango_nectar_canned,9436,Mango_nectar
646,Pomegranate_juice_bottled,9442,Pomegranate_juice
6410,Juice_apple_and_grape_blend_with_added_ascorbic_acid,9443,Apple_juice_blend
6121,Orange_Pineapple_Juice_Blend,9452,Orange_tangerine_or_juice_blend
643,Grape_juice_canned_or_bottled_unsweetened_with_added_ascorbic_acid_and_calcium,9512,Grape_juice
641,Apple_juice_canned_or_bottled_unsweetened_with_added_ascorbic_acid_calcium_and_potassium,9517,Apple_juice
6427,Guava_nectar_with_sucralose_canned,9519,Guava_nectar
2241,Pork_fresh_composite_of_trimmed_retail_cuts_leg_loin_shoulder_separable_lean_only_raw,10002,Pork_roast_shoulder_cooked
2262,Pork_fresh_backfat_raw,10004,Salt_pok_fat_back
22,Pork_fresh_separable_fat_cooked,10007,Pork
2221,Pork_fresh_leg_ham_whole_separable_lean_and_fat_cooked_roasted,10009,Pork_tenderloin
2221,Pork_fresh_leg_ham_whole_separable_lean_only_cooked_roasted,10011,Pork_tenderloin
2240,Pork_fresh_loin_whole_separable_lean_and_fat_cooked_roasted,10023,Pork_roasts_NS_or_loin
2240,Pork_fresh_loin_whole_separable_lean_only_raw,10024,Pork_roasts_NS_or_loin
2240,Pork_fresh_loin_whole_separable_lean_only_cooked_braised,10025,Pork_roasts_NS_or_loin
2240,Pork_fresh_loin_whole_separable_lean_only_cooked_roasted,10027,Pork_roasts_NS_or_loin
221,Pork_fresh_loin_center_rib_chops_bonein_separable_lean_only_cooked_braised,10049,Pork_chops
2221,Pork_fresh_loin_tenderloin_separable_lean_only_raw,10060,Pork_tenderloin
2221,Pork_fresh_loin_tenderloin_separable_lean_only_cooked_roasted,10061,Pork_tenderloin
221,Pork_fresh_loin_top_loin_chops_boneless_separable_lean_and_fat_raw,10062,Pork_chops
221,Pork_fresh_loin_top_loin_chops_boneless_separable_lean_only_raw,10066,Pork_chops
2241,Pork_fresh_shoulder_whole_separable_lean_and_fat_raw,10070,Pork_roast_shoulder_cooked
2241,Pork_fresh_shoulder_whole_separable_lean_and_fat_cooked_roasted,10071,Pork_roast_shoulder_cooked
2241,Pork_fresh_shoulder_whole_separable_lean_only_cooked_roasted,10073,Pork_roast_shoulder_cooked
2241,Pork_fresh_shoulder_arm_picnic_separable_lean_and_fat_cooked_braised,10075,Pork_roast_shoulder_cooked
2241,Pork_fresh_shoulder_arm_picnic_separable_lean_only_cooked_braised,10078,Pork_roast_shoulder_cooked
2241,Pork_fresh_shoulder_Boston_butt_blade_steaks_separable_lean_and_fat_raw,10080,Pork_roast_shoulder_cooked
2241,Pork_fresh_shoulder_Boston_butt_blade_steaks_separable_lean_only_raw,10084,Pork_roast_shoulder_cooked
2241,Pork_fresh_shoulder_Boston_butt_blade_steaks_separable_lean_only_cooked_braised,10085,Pork_roast_shoulder_cooked
2222,Pork_fresh_spareribs_separable_lean_and_fat_cooked_braised,10089,Pork_ribs
2241,Pork_fresh_composite_of_trimmed_retail_cuts_leg_loin_and_shoulder_separable_lean_only_cooked,10093,Pork_roast_shoulder_cooked
2517,Pork_fresh_variety_meats_and_byproducts_chitterlings_cooked_simmered,10099,Other_variety_meats
2517,Pork_fresh_variety_meats_and_byproducts_stomach_raw,10119,Other_variety_meats
2260,Pork_cured_bacon_unprepared,10123,Bacon_NS
2231,Pork_cured_ham_boneless_regular_approximately_11_fat_roasted,10136,Ham_smoked_or_cured
2231,Pork_cured_ham_extra_lean_approximately_4_fat_canned_unheated,10137,Ham_smoked_or_cured
2231,Pork_cured_ham_center_slice_countrystyle_separable_lean_only_raw,10141,Ham_smoked_or_cured
2231,Pork_cured_ham_whole_separable_lean_only_unheated,10152,Ham_smoked_or_cured
2231,Pork_cured_ham_whole_separable_lean_only_roasted,10153,Ham_smoked_or_cured
2231,Pork_cured_salt_pork_raw,10165,Ham_smoked_or_cured
2241,Pork_cured_shoulder_arm_picnic_separable_lean_and_fat_roasted,10168,Pork_roast_shoulder_cooked
2241,Pork_cured_shoulder_arm_picnic_separable_lean_only_roasted,10169,Pork_roast_shoulder_cooked
2517,Pork_fresh_variety_meats_and_byproducts_feet_cooked_simmered,10173,Other_variety_meats
2231,Pork_cured_ham_boneless_extra_lean_and_regular_unheated,10182,Ham_smoked_or_cured
2231,Pork_cured_ham_boneless_extra_lean_and_regular_roasted,10183,Ham_smoked_or_cured
2231,Pork_cured_ham_extra_lean_and_regular_canned_unheated,10184,Ham_smoked_or_cured
2231,Pork_cured_ham_extra_lean_and_regular_canned_roasted,10185,Ham_smoked_or_cured
2241,Pork_fresh_composite_of_trimmed_retail_cuts_leg_loin_shoulder_and_spareribs_separable_lean_and_fat_cooked,10188,Pork_roast_shoulder_cooked
2221,Pork_fresh_loin_tenderloin_separable_lean_and_fat_raw,10218,Pork_tenderloin
2232,Pork_fresh_ground_cooked,10220,Ham_smoked_or_cured_ground
226,Pork_cured_bacon_presliced_cooked_panfried,10862,Bacon_salt_pork
2231,Pork_cured_ham_and_water_product_whole_boneless_separable_lean_only_heated_roasted,10871,Ham_smoked_or_cured
2231,Pork_cured_ham_and_water_product_whole_boneless_separable_lean_only_unheated,10872,Ham_smoked_or_cured
2231,Pork_cured_ham__water_added_whole_boneless_separable_lean_only_heated_roasted,10879,Ham_smoked_or_cured
2231,Pork_cured_ham__water_added_whole_boneless_separable_lean_only_unheated,10880,Ham_smoked_or_cured
2231,Pork_cured_ham_with_natural_juices_whole_boneless_separable_lean_only_heated_roasted,10883,Ham_smoked_or_cured
2231,Pork_cured_ham_with_natural_juices_whole_boneless_separable_lean_only_unheated,10884,Ham_smoked_or_cured
2231,Pork_cured_ham_with_natural_juices_whole_boneless_separable_lean_and_fat_unheated,10900,Ham_smoked_or_cured
2231,Pork_cured_ham_and_water_product_whole_boneless_separable_lean_and_fat_unheated,10905,Ham_smoked_or_cured
2231,Pork_cured_ham__water_added_whole_boneless_separable_lean_and_fat_unheated,10909,Ham_smoked_or_cured
2231,Pork_cured_ham__water_added_whole_boneless_separable_lean_and_fat_heated_roasted,10917,Ham_smoked_or_cured
2231,Pork_cured_ham_and_water_product_whole_boneless_separable_lean_and_fat_heated_roasted,10922,Ham_smoked_or_cured
2231,Pork_cured_ham_with_natural_juices_whole_boneless_separable_lean_and_fat_heated_roasted,10928,Ham_smoked_or_cured
2231,Pork_cured_ham_shank_bonein_separable_lean_and_fat_heated_roasted,10935,Ham_smoked_or_cured
2221,Pork_fresh_enhanced_loin_tenderloin_separable_lean_only_raw,10944,Pork_tenderloin
2241,Pork_fresh_enhanced_shoulder_Boston_butt_blade_steaks_separable_lean_only_raw,10946,Pork_roast_shoulder_cooked
221,Pork_fresh_enhanced_loin_top_loin_chops_boneless_separable_lean_only_raw,10948,Pork_chops
221,Pork_fresh_enhanced_loin_top_loin_chops_boneless_separable_lean_and_fat_raw,10949,Pork_chops
2221,Pork_fresh_enhanced_loin_tenderloin_separable_lean_and_fat_raw,10951,Pork_tenderloin
2241,Pork_fresh_enhanced_shoulder_Boston_butt_blade_steaks_separable_lean_and_fat_raw,10953,Pork_roast_shoulder_cooked
225,Canadian_bacon_cooked_panfried,10998,Canadian_bacon
72129,Alfalfa_seeds_sprouted_raw,11001,Alfalfa_sprouts
75201,Artichokes_globe_or_french_cooked_boiled_drained_without_salt,11008,Artichoke
75201,Artichokes_globe_or_french_frozen_cooked_boiled_drained_without_salt,11010,Artichoke
75202,Asparagus_raw,11011,Asparagus
75202,Asparagus_cooked_boiled_drained,11012,Asparagus
75202,Asparagus_canned_drained_solids,11015,Asparagus
75202,Asparagus_frozen_cooked_boiled_drained_without_salt,11019,Asparagus
72132,Balsampear_bitter_gourd_leafy_tips_cooked_boiled_drained_without_salt,11023,Bitter_melon_leaves
75208,Balsampear_bitter_gourd_pods_cooked_boiled_drained_without_salt,11025,Beets_bitter_melon_bread_fruit_broccoflower
75203,Bamboo_shoots_raw,11026,Bamboo
75203,Bamboo_shoots_canned_drained_solids,11028,Bamboo
41112,Lima_beans_immature_seeds_cooked_boiled_drained_without_salt,11032,Lima_beans
41112,Lima_beans_immature_seeds_frozen_fordhook_cooked_boiled_drained_without_salt,11038,Lima_beans
41108,Mung_beans_mature_seeds_sprouted_raw,11043,Mung_beans
41108,Mung_beans_mature_seeds_sprouted_cooked_boiled_drained_without_salt,11044,Mung_beans
75403,Beans_snap_green_raw,11052,Beans_string_green
75403,Beans_snap_green_cooked_boiled_drained_without_salt,11053,Beans_string_green
75403,Beans_snap_green_canned_regular_pack_drained_solids,11056,Beans_string_green
75403,Beans_snap_green_frozen_cooked_boiled_drained_without_salt,11061,Beans_string_green
75405,Beets_raw,11080,Beets
75405,Beets_cooked_boiled_drained,11081,Beets
75405,Beets_canned_drained_solids,11084,Beets
72101,Beet_greens_raw,11086,Beet_greens
72101,Beet_greens_cooked_boiled_drained_without_salt,11087,Beet_greens
7220,Broccoli_raw,11090,Broccoli
7220,Broccoli_cooked_boiled_drained_without_salt,11091,Broccoli
7220,Broccoli_frozen_chopped_unprepared,11092,Broccoli
7220,Broccoli_frozen_chopped_cooked_boiled_drained_without_salt,11093,Broccoli
7220,Broccoli_frozen_spears_cooked_boiled_drained_without_salt,11095,Broccoli
72103,Broccoli_raab_cooked,11097,Broccoli_raab
75209,Brussels_sprouts_raw,11098,Brussels_sprouts
75209,Brussels_sprouts_cooked_boiled_drained_without_salt,11099,Brussels_sprouts
75209,Brussels_sprouts_frozen_cooked_boiled_drained_without_salt,11101,Brussels_sprouts
75237,Burdock_root_raw,11104,Burdock_root
75407,Cabbage_raw,11109,Cabbage
75407,Cabbage_cooked_boiled_drained_without_salt,11110,Cabbage
75212,Cabbage_red_raw,11112,Cabbage_red
75212,Cabbage_red_cooked_boiled_drained_without_salt,11113,Cabbage_red
75213,Cabbage_savoy_raw,11114,Cabbage_savoy_or_cactus
75210,Cabbage_chinese_pakchoi_raw,11116,Cabbage_Chinese
75210,Cabbage_chinese_pakchoi_cooked_boiled_drained_without_salt,11117,Cabbage_Chinese
73101,Carrots_raw,11124,Carrots_raw
73102,Carrots_cooked_boiled_drained_without_salt,11125,Carrots_cooked
73103,Carrots_canned_regular_pack_drained_solids,11128,Carrots_canned
731,Carrots_frozen_unprepared,11130,Carrots
73102,Carrots_frozen_cooked_boiled_drained_without_salt,11131,Carrots_cooked
7193,Cassava_raw,11134,Cassava_yuca_blanca
75214,Cauliflower_raw,11135,Cauliflower
75214,Cauliflower_cooked_boiled_drained_without_salt,11136,Cauliflower
75214,Cauliflower_frozen_unprepared,11137,Cauliflower
75214,Cauliflower_frozen_cooked_boiled_drained_without_salt,11138,Cauliflower
7196,Celeriac_raw,11141,Celeriac_dasheen_or_Taro
75603,Celery_raw,11143,Celery
75603,Celery_cooked_boiled_drained_without_salt,11144,Celery
72104,Chard_swiss_raw,11147,Chard
72104,Chard_swiss_cooked_boiled_drained_without_salt,11148,Chard
75238,Chayote_fruit_raw,11149,Chayote
75238,Chayote_fruit_cooked_boiled_drained_without_salt,11150,Chayote
75419,Chives_raw,11156,Chives
72107,Collards_raw,11161,Collards
72107,Collards_cooked_boiled_drained_without_salt,11162,Collards
72107,Collards_frozen_chopped_cooked_boiled_drained_without_salt,11164,Collards
72112,Coriander_cilantro_leaves_raw,11165,Cilantro
75411,Corn_sweet_yellow_raw,11167,Corn
75411,Corn_sweet_yellow_cooked_boiled_drained_without_salt,11168,Corn
75411,Corn_sweet_yellow_canned_whole_kernel_drained_solids,11172,Corn
75411,Corn_sweet_yellow_frozen_kernels_cut_off_cob_unprepared,11178,Corn
75411,Corn_sweet_yellow_frozen_kernels_cut_off_cob_boiled_drained_without_salt,11179,Corn
4131,Cowpeas_blackeyes_immature_seeds_cooked_boiled_drained_without_salt,11192,Peas_cowpeas
4131,Cowpeas_blackeyes_immature_seeds_frozen_cooked_boiled_drained_without_salt,11196,Peas_cowpeas
72110,Cress_garden_raw,11203,Cress
75142,Cucumber_with_peel_raw,11205,Cucumber_salad
72113,Dandelion_greens_raw,11207,Dandelion_greens
72113,Dandelion_greens_cooked_boiled_drained_without_salt,11208,Dandelion_greens
75412,Eggplant_raw,11209,Eggplant
75412,Eggplant_cooked_boiled_drained_without_salt,11210,Eggplant
75239,Edamame_frozen_prepared,11212,Edamame
72116,Escarole_cooked_boiled_drained_no_salt_added,11214,Endive_chicory_escarole_or_romain_lettuce
75100,Garlic_raw,11215,Garlic
75101,Ginger_root_raw,11216,Ginger
72119,Kale_raw,11233,Kale
72119,Kale_cooked_boiled_drained_without_salt,11234,Kale
72119,Kale_frozen_cooked_boiled_drained_without_salt,11236,Kale
75413,Kohlrabi_raw,11241,Kohlrabi
75605,Leeks_bulb_and_lower_leafportion_raw,11246,Leek
72116,Lettuce_cos_or_romaine_raw,11251,Endive_chicory_escarole_or_romain_lettuce
72117,Lettuce_iceberg_includes_crisphead_types_raw,11252,Iceberg_lettuce
75143,Lettuce_green_leaf_raw,11253,Lettuce_salad
7199,Lotus_root_cooked_boiled_drained_without_salt,11255,Lotus_root
75219,Mushrooms_white_raw,11260,Mushrooms
75219,Mushrooms_white_cooked_boiled_drained_without_salt,11261,Mushrooms
75219,Mushrooms_canned_drained_solids,11264,Mushrooms
75219,Mushrooms_shiitake_dried,11268,Mushrooms
75219,Mushrooms_shiitake_cooked_without_salt,11269,Mushrooms
72122,Mustard_greens_raw,11270,Mustard_greens
72122,Mustard_greens_cooked_boiled_drained_without_salt,11271,Mustard_greens
72122,Mustard_greens_frozen_cooked_boiled_drained_without_salt,11273,Mustard_greens
75220,Okra_raw,11278,Okra
75220,Okra_cooked_boiled_drained_without_salt,11279,Okra
75220,Okra_frozen_cooked_boiled_drained_without_salt,11281,Okra
75110,Onions_raw,11282,Onions
75110,Onions_cooked_boiled_drained_without_salt,11283,Onions
4515,Onions_dehydrated_flakes,11284,Spices_onion_powder
75110,Onions_frozen_chopped_cooked_boiled_drained_without_salt,11288,Onions
75110,Onions_frozen_whole_cooked_boiled_drained_without_salt,11290,Onions
75110,Onions_spring_or_scallions_includes_tops_and_bulb_raw,11291,Onions
75110,Onions_young_green_tops_only,11292,Onions
72111,Parsley_fresh,11297,Parsley
75222,Parsnips_cooked_boiled_drained_without_salt,11299,Parsnips
4132,Peas_ediblepodded_raw,11300,Peas_green
4132,Peas_ediblepodded_boiled_drained_without_salt,11301,Peas_green
4132,Peas_ediblepodded_frozen_cooked_boiled_drained_without_salt,11303,Peas_green
4132,Peas_green_raw,11304,Peas_green
4132,Peas_green_cooked_boiled_drained_without_salt,11305,Peas_green
4132,Peas_green_includes_baby_and_lesuer_types_canned_drained_solids_unprepared,11308,Peas_green
4132,Peas_green_frozen_unprepared,11312,Peas_green
4132,Peas_green_frozen_cooked_boiled_drained_without_salt,11313,Peas_green
75111,Peppers_sweet_green_raw,11333,Bell_pepper
75111,Peppers_sweet_green_cooked_boiled_drained_without_salt,11334,Bell_pepper
4133,Pigeonpeas_immature_seeds_cooked_boiled_drained_without_salt,11345,Pigeon_peas
72123,Pokeberry_shoots_poke_cooked_boiled_drained_without_salt,11351,Poke_greens
710,Potatoes_flesh_and_skin_raw,11352,White_potatoes_NFS
71101,Potatoes_baked_flesh_without_salt,11363,White_potatoes_baked
71101,Potatoes_baked_skin_without_salt,11364,White_potatoes_baked
71103,Potatoes_boiled_cooked_in_skin_flesh_without_salt,11365,White_potatoes_boiled
71103,Potatoes_boiled_cooked_without_skin_flesh_without_salt,11367,White_potatoes_boiled
71502,Potatoes_mashed_dehydrated_flakes_without_milk_dry_form,11378,White_potato_flakes_dry
71502,Potatoes_mashed_dehydrated_prepared_from_flakes_without_milk_whole_milk_and_butter_added,11379,White_potato_flakes_dry
71405,Potatoes_hash_brown_frozen_plain_prepared_pan_fried_in_canola_oil,11391,White_potato_hash_brown
71204,Potato_puffs_frozen_unprepared,11398,White_potato_puffs
7100,Potato_flour,11413,Potato_flour
73202,Pumpkin_flowers_cooked_boiled_drained_without_salt,11417,Pumpkin_flowers
7320,Pumpkin_raw,11422,Pumpkin
73201,Pumpkin_cooked_boiled_drained_without_salt,11423,Pumpkin_cooked
7320,Pumpkin_canned_without_salt,11424,Pumpkin
75227,Radishes_raw,11429,Radish
75227,Radishes_oriental_cooked_boiled_drained_without_salt,11431,Radish
75228,Rutabagas_raw,11435,Rutabaga
75228,Rutabagas_cooked_boiled_drained_without_salt,11436,Rutabaga
75230,Sauerkraut_canned_solids_and_liquids,11439,Sauerkraut
75232,Seaweed_kelp_raw,11445,Seaweed
75232,Seaweed_laver_raw,11446,Seaweed
41107,Soybeans_mature_seeds_sprouted_cooked_steamed,11453,Soybeans
72125,Spinach_raw,11457,Spinach
72125,Spinach_cooked_boiled_drained_without_salt,11458,Spinach
72125,Spinach_canned_regular_pack_drained_solids,11461,Spinach
72125,Spinach_frozen_chopped_or_leaf_cooked_boiled_drained_without_salt,11464,Spinach
73310,Squash_summer_crookneck_and_straightneck_canned_drained_solid_without_salt,11471,Squash_crookneck
73310,Squash_summer_crookneck_and_straightneck_frozen_cooked_boiled_drained_without_salt,11474,Squash_crookneck
73311,Squash_summer_zucchini_includes_skin_raw,11477,Zucchini
73311,Squash_summer_zucchini_includes_skin_frozen_cooked_boiled_drained_without_salt,11480,Zucchini
73303,Squash_winter_spaghetti_cooked_boiled_drained_or_baked_without_salt,11493,Squash_winter_baked
73408,Sweet_potato_leaves_cooked_steamed_without_salt,11506,Sweet_potato_leaves
734,Sweet_potato_raw_unprepared,11507,Sweet_potatoes
73402,Sweet_potato_cooked_baked_in_skin_flesh_without_salt,11508,Sweet_potato_baked_peel_eaten
73403,Sweet_potato_cooked_boiled_without_skin,11510,Sweet_potato_baked_peel_not_eaten
73407,Sweet_potato_canned_vacuum_pack,11512,Sweet_potato_canned
7198,Taro_raw,11518,Poi_or_taro
7198,Taro_cooked_without_salt,11519,Poi_or_taro
72126,Taro_leaves_raw,11520,Taro_leaves
74102,Tomatoes_green_raw,11527,Tomatoes_green
741,Tomatoes_red_ripe_raw_year_round_average,11529,Tomatoes_raw
742,Tomatoes_red_ripe_cooked,11530,Tomatoes_cooked
74204,Tomatoes_red_ripe_canned_packed_in_tomato_juice,11531,Tomatoes_stewed_or_canned
74204,Tomatoes_red_ripe_canned_stewed,11533,Tomatoes_stewed_or_canned
74204,Tomato_juice_canned_with_salt_added,11540,Tomatoes_stewed_or_canned
74403,Tomato_products_canned_paste_without_salt_added,11546,Tomato_paste
744,Tomato_products_canned_puree_without_salt_added,11547,Tomato_sauces
744,Tomato_products_canned_sauce,11549,Tomato_sauces
75234,Turnips_raw,11564,Turnip
75234,Turnips_cooked_boiled_drained_without_salt,11565,Turnip
75234,Turnips_frozen_cooked_boiled_drained_without_salt,11567,Turnip
72128,Turnip_greens_cooked_boiled_drained_without_salt,11569,Turnip_greens
72128,Turnip_greens_frozen_cooked_boiled_drained_without_salt,11575,Turnip_greens
75235,Waterchestnuts_chinese_matai_raw,11588,Water_chestnut_winter_mellon
75235,Waterchestnuts_chinese_canned_solids_and_liquids,11590,Water_chestnut_winter_mellon
72130,Watercress_raw,11591,Watercress
75240,Waxgourd_chinese_preserving_melon_cooked_boiled_drained_without_salt,11594,Waxgourd
7194,Yam_cooked_boiled_drained_or_baked_without_salt,11602,Sweet_potatoes_or_yam_Puerto_Rican
75102,Yambean_jicama_raw,11603,Jicama
75208,Beets_pickled_canned_solids_and_liquids,11609,Beets_bitter_melon_bread_fruit_broccoflower
73313,Squash_summer_all_varieties_cooked_boiled_drained_without_salt,11642,Squash_summer_baked
73303,Squash_winter_all_varieties_cooked_baked_without_salt,11644,Squash_winter_baked
73105,Carrot_juice_canned,11655,Carrot_juice
71501,Potatoes_mashed_homeprepared_whole_milk_added,11657,White_potato_mashed
75232,Seaweed_agar_dried,11663,Seaweed
75232,Seaweed_spirulina_dried,11667,Seaweed
75232,Seaweed_wakame_raw,11669,Seaweed
75241,Peppers_hot_chili_green_raw,11670,Hot_peppers
71101,Potatoes_baked_flesh_and_skin_without_salt,11674,White_potatoes_baked
41109,Beans_snap_yellow_cooked_boiled_drained_without_salt,11724,Snap_beans
41109,Beans_snap_green_canned_no_salt_added_drained_solids,11729,Snap_beans
41109,Beans_snap_yellow_frozen_cooked_boiled_drained_without_salt,11732,Snap_beans
75405,Beets_canned_no_salt_added_solids_and_liquids,11735,Beets
73103,Carrots_canned_no_salt_added_solids_and_liquids,11758,Carrots_canned
75411,Corn_sweet_yellow_canned_no_salt_added_solids_and_liquids,11771,Corn
4132,Peas_green_canned_no_salt_added_solids_and_liquids,11812,Peas_green
75241,Peppers_hot_chili_red_raw,11819,Hot_peppers
75241,Peppers_hot_chili_red_canned_excluding_seeds_solids_and_liquids,11820,Hot_peppers
75111,Peppers_sweet_red_raw,11821,Bell_pepper
75111,Peppers_sweet_red_cooked_boiled_drained_without_salt,11823,Bell_pepper
74204,Tomatoes_red_ripe_canned_packed_in_tomato_juice_no_salt_added,11885,Tomatoes_stewed_or_canned
74403,Tomato_products_canned_puree_with_salt_added,11888,Tomato_paste
75411,Corn_sweet_white_cooked_boiled_drained_without_salt,11901,Corn
75411,Corn_sweet_white_canned_whole_kernel_drained_solids,11905,Corn
75411,Corn_sweet_white_frozen_kernels_cut_off_cob_boiled_drained_without_salt,11911,Corn
75111,Peppers_sweet_red_frozen_chopped_unprepared,11917,Bell_pepper
41109,Beans_snap_yellow_canned_regular_pack_drained_solids,11932,Snap_beans
74401,Catsup,11935,Tomato_catsup
7550,Pickles_cucumber_dill_or_kosher_dill,11937,Cucumber_pickled
7550,Pickles_cucumber_sour,11941,Cucumber_pickled
7551,Pimento_canned,11943,Pimento
7552,Pickle_relish_sweet,11945,Pickle_relish
7550,Pickles_cucumber_sour_low_sodium,11946,Cucumber_pickled
74401,Catsup_low_sodium,11949,Tomato_catsup
72124,Radicchio_raw,11952,Radicchio
75242,Tomatillos_raw,11954,Tomatillos
74206,Tomatoes_sundried,11955,Tomatoes_dried
75215,Fennel_bulb_raw,11957,Celery_fennel_or_christophine
72131,Arugula_raw,11959,Arugula
75243,Nopales_raw,11963,Nopal
75243,Nopales_cooked_without_salt,11964,Nopal
75214,Cauliflower_green_cooked_no_salt_added,11967,Cauliflower
7220,Broccoli_chinese_cooked,11969,Broccoli
72134,Grape_leaves_raw,11974,Grape_leaves
75241,Pepper_banana_raw,11976,Hot_peppers
75241,Peppers_serrano_raw,11977,Hot_peppers
75241,Peppers_jalapeno_raw,11979,Hot_peppers
7220,Broccoli_chinese_raw,11994,Broccoli
43101,Seeds_pumpkin_and_squash_seed_kernels_dried,12014,Pumpkin
43101,Seeds_pumpkin_and_squash_seed_kernels_roasted_without_salt,12016,Pumpkin
43103,Seeds_sesame_seeds_whole_dried,12023,Sesame_seeds
43102,Seeds_sunflower_seed_kernels_dry_roasted_without_salt,12037,Sunflower
42101,Nuts_almonds,12061,Almonds
42101,Nuts_almonds_blanched,12062,Almonds
42101,Nuts_almonds_dry_roasted_without_salt_added,12063,Almonds
42101,Nuts_almonds_oil_roasted_without_salt_added,12065,Almonds
42101,Nuts_almond_paste,12071,Almonds
42102,Nuts_brazilnuts_dried_unblanched,12078,Brazil_nuts
42104,Nuts_cashew_nuts_dry_roasted_without_salt_added,12085,Cashew_nuts
63151,Nuts_coconut_meat_raw,12104,Coconut_meat
63151,Nuts_coconut_meat_dried_desiccated_sweetened_flaked_packaged,12109,Coconut_meat
63153,Nuts_coconut_cream_canned_sweetened,12116,Coconut_cream
63152,Nuts_coconut_milk_raw_liquid_expressed_from_grated_meat_and_water,12117,Coconut_milk
42107,Nuts_hazelnuts_or_filberts,12120,Hazelnuts
42112,Nuts_pecans,12142,Pecans
42113,Nuts_pine_nuts_dried,12147,Pine_nuts
42114,Nuts_pistachio_nuts_dry_roasted_without_salt_added,12152,Pistachio_nuts
42116,Nuts_walnuts_black_dried,12154,Walnuts
42116,Nuts_walnuts_english,12155,Walnuts
43105,Seeds_sesame_butter_tahini_from_roasted_and_toasted_kernels_most_common_type,12166,Tahini
42105,Nuts_chestnuts_european_roasted,12167,Chestnuts
63151,Nuts_coconut_meat_dried_desiccated_sweetened_shredded,12179,Coconut_meat
43103,Seeds_sesame_seed_kernels_dried_decorticated,12201,Sesame_seeds
43104,Seeds_flaxseed,12220,Flax_seeds
42201,Nuts_cashew_butter_plain_with_salt_added,12588,Cashew_butter
42109,Nuts_macadamia_nuts_dry_roasted_with_salt_added,12632,Macadamia_nuts
42200,Nuts_almond_butter_plain_with_salt_added,12695,Almond_butter
21000,Beef_retail_cuts_separable_fat_cooked,13020,Beef_NS_cut
211,Beef_flank_steak_separable_lean_only_trimmed_to_0_fat_choice_raw,13068,Beef_steak
211,Beef_flank_steak_separable_lean_only_trimmed_to_0_fat_choice_cooked_braised,13069,Beef_steak
213,Beef_rib_shortribs_separable_lean_and_fat_choice_cooked_braised,13148,Beef_oxtails_neckbones_short_ribs_head
213,Beef_rib_shortribs_separable_lean_only_choice_cooked_braised,13150,Beef_oxtails_neckbones_short_ribs_head
215,Beef_ground_patties_frozen_cooked_broiled,13317,Ground_beef_beef_patties_beef_meatballs
2517,Beef_variety_meats_and_byproducts_brain_cooked_simmered,13320,Other_variety_meats
2517,Beef_variety_meats_and_byproducts_heart_cooked_simmered,13322,Other_variety_meats
251101,Beef_variety_meats_and_byproducts_liver_cooked_braised,13326,Beef
251101,Beef_variety_meats_and_byproducts_liver_cooked_panfried,13327,Beef
2517,Beef_variety_meats_and_byproducts_tongue_cooked_simmered,13340,Other_variety_meats
2517,Beef_variety_meats_and_byproducts_tripe_raw,13341,Other_variety_meats
21000,Beef_cured_breakfast_strips_cooked,13345,Beef_NS_cut
214,Beef_cured_corned_beef_brisket_cooked,13347,Beef_roasts_stew_meat_corned_beef_beef_brisket_sandwich_steaks
214,Beef_cured_corned_beef_canned,13348,Beef_roasts_stew_meat_corned_beef_beef_brisket_sandwich_steaks
218,Beef_cured_dried,13350,Beef_jerky
216,Beef_cured_pastrami,13355,Other_beef_items_beef_bacon_dried_beef_pastrami
21000,Beef_composite_of_trimmed_retail_cuts_separable_lean_only_trimmed_to_0_fat_all_grades_cooked,13364,Beef_NS_cut
214,Beef_brisket_whole_separable_lean_and_fat_trimmed_to_0_fat_all_grades_cooked_braised,13367,Beef_roasts_stew_meat_corned_beef_beef_brisket_sandwich_steaks
214,Beef_brisket_whole_separable_lean_only_trimmed_to_0_fat_all_grades_cooked_braised,13368,Beef_roasts_stew_meat_corned_beef_beef_brisket_sandwich_steaks
21000,Beef_chuck_blade_roast_separable_lean_only_trimmed_to_0_fat_all_grades_cooked_braised,13382,Beef_NS_cut
211,Beef_round_tip_round_roast_separable_lean_only_trimmed_to_0_fat_all_grades_cooked_roasted,13424,Beef_steak
211,Beef_top_sirloin_steak_separable_lean_and_fat_trimmed_to_0_fat_all_grades_cooked_broiled,13451,Beef_steak
211,Beef_top_sirloin_steak_separable_lean_only_trimmed_to_0_fat_all_grades_cooked_broiled,13454,Beef_steak
211,Beef_round_top_round_steak_boneless_separable_lean_only_trimmed_to_0_fat_all_grades_cooked_grilled,13491,Beef_steak
21000,Beef_composite_of_trimmed_retail_cuts_separable_lean_and_fat_trimmed_to_18_fat_all_grades_cooked,13796,Beef_NS_cut
2241,Beef_chuck_arm_pot_roast_separable_lean_and_fat_trimmed_to_18_fat_all_grades_cooked_braised,13810,Pork_roast_shoulder_cooked
2241,Beef_chuck_arm_pot_roast_separable_lean_and_fat_trimmed_to_18_fat_choice_cooked_braised,13812,Pork_roast_shoulder_cooked
21000,Beef_chuck_blade_roast_separable_lean_and_fat_trimmed_to_18_fat_all_grades_cooked_braised,13816,Beef_NS_cut
213,Beef_rib_whole_ribs_612_separable_lean_and_fat_trimmed_to_18_fat_choice_cooked_roasted,13829,Beef_oxtails_neckbones_short_ribs_head
213,Beef_rib_large_end_ribs_69_separable_lean_and_fat_trimmed_to_18_fat_all_grades_cooked_roasted,13840,Beef_oxtails_neckbones_short_ribs_head
21000,Beef_round_full_cut_separable_lean_and_fat_trimmed_to_18_fat_choice_raw,13864,Beef_NS_cut
21000,Beef_round_full_cut_separable_lean_and_fat_trimmed_to_18_fat_choice_cooked_broiled,13865,Beef_NS_cut
211,Beef_round_tip_round_roast_separable_lean_and_fat_trimmed_to_18_fat_all_grades_cooked_roasted,13884,Beef_steak
211,Beef_round_tip_round_roast_separable_lean_and_fat_trimmed_to_18_fat_choice_cooked_roasted,13886,Beef_steak
211,Beef_round_tip_round_roast_separable_lean_and_fat_trimmed_to_18_fat_select_cooked_roasted,13888,Beef_steak
211,Beef_round_top_round_separable_lean_and_fat_trimmed_to_18_fat_all_grades_cooked_braised,13892,Beef_steak
211,Beef_round_top_round_steak_separable_lean_and_fat_trimmed_to_18_fat_all_grades_cooked_broiled,13893,Beef_steak
211,Beef_short_loin_top_loin_steak_separable_lean_and_fat_trimmed_to_18_fat_choice_cooked_grilled,13912,Beef_steak
21000,Beef_top_sirloin_steak_separable_lean_and_fat_trimmed_to_18_fat_choice_cooked_panfried,13933,Beef_NS_cut
211,Beef_round_top_round_steak_boneless_separable_lean_and_fat_trimmed_to_0_fat_all_grades_cooked_grilled,13959,Beef_steak
931,Alcoholic_beverage_beer_regular_all,14003,Beers_and_ales
931,Alcoholic_beverage_beer_light,14006,Beers_and_ales
931,Alcoholic_beverage_beer_light_low_carb,14013,Beers_and_ales
953,Beverages__Energy_drink_Citrus,14021,Energy_drinks
953,Beverages_MONSTER_energy_drink_low_carb,14022,Energy_drinks
953,Beverages_THE_COCACOLA_COMPANY_NOS_energy_drink_Original_grape_loaded_cherry_charged_citrus_fortified_with_vitamins_B6_and_B12,14030,Energy_drinks
9410,Beverages_water_bottled_yumberry_pomegranate_with_antioxidants_zero_calories,14031,Water_bottled_flavored
9521,Beverages_ABBOTT_EAS_whey_protein_powder,14033,Protein_powders
932,Alcoholic_beverage_creme_de_menthe_72_proof,14034,Cordials_and_liqueurs
9521,Beverages_ABBOTT_EAS_soy_protein_powder,14035,Protein_powders
9511,Beverages_CYTOSPORT_Muscle_Milk_readytodrink,14036,Protein_drink
935,Alcoholic_beverage_distilled_all_gin_rum_vodka_whiskey_80_proof,14037,Distilled_liquors
647,Beverages_OCEAN_SPRAY_CranEnergy_Cranberry_Energy_Juice_Drink,14038,Cranberry_juice
951,Beverages_NESTLE_Boost_plus_nutritional_drink_readytodrink,14041,Nutrition_drinks
954,Beverages_SLIMFAST_Meal_replacement__High_Protein_Shake_ReadyToDrink_321_plan,14044,Meal_replacement
954,Beverages_UNILEVER_SLIMFAST_meal_replacement_regular_readytodrink__321_Plan,14045,Meal_replacement
951,Beverages_UNILEVER_SLIMFAST_Shake_Mix_powder_321_Plan,14047,Nutrition_drinks
935,Alcoholic_beverage_distilled_rum_80_proof,14050,Distilled_liquors
934,Alcoholic_beverage_wine_dessert_sweet,14057,Wines
9511,Beverages_KELLOGGS_SPECIAL_K_Protein_Shake,14059,Protein_drink
951,Beverages_ABBOTT_ENSURE_Nutritional_Shake_ReadytoDrink,14062,Nutrition_drinks
9200,Beverages_chocolate_powder_no_sugar_added,14063,Chocolate_powder
61119,Beverages_Orange_juice_light_No_pulp,14064,Orange
9253,Beverages_The_COCACOLA_company_HiC_Flashin_Fruit_Punch,14065,Fruit_juice_drinks_and_fruit_flavored_drinks_with_high_vitamin_C
9521,Beverages_Protein_powder_whey_based,14066,Protein_powders
9521,Beverages_Protein_powder_soy_based,14067,Protein_powders
9240,Beverages_yellow_green_colored_citrus_soft_drink_with_caffeine,14079,Soft_drink_NS
934,Alcoholic_beverage_wine_table_all,14084,Wines
63154,Beverages_Coconut_water_readytodrink_unsweetened,14090,Coconut_water
1135,Beverages_almond_milk_unsweetened_shelf_stable,14091,Milk_almond
9532,Beverages_The_COCACOLA_company_Glaceau_Vitamin_Water_Revive_Fruit_Punchfortified_with_vitamins_C_B3_B5_B6_B12_potas_Mg_Ca_MS_8615,14093,Sports_drinks
934,Alcoholic_beverage_wine_table_red,14096,Wines
934,Alcoholic_beverage_wine_table_white,14106,Wines
9411,Beverages_Carbonated_beverage_club_soda,14121,Water_carbonated
924,Carbonated_beverage_cream_soda,14130,Soft_drinks_carbonated
924,Beverages_carbonated_beverage_ginger_ale,14136,Soft_drinks_carbonated
9242,Beverages_Carbonated_beverage_low_calorie_other_than_cola_or_pepper__without_caffeine,14143,Diet_soft_drinks
924,Beverages_Carbonated_beverage_SPRITE_lemonlime_without_caffeine,14145,Soft_drinks_carbonated
9242,Beverages_Carbonated_beverage_low_calorie_cola_or_peppertype_with_aspartame_without_caffeine,14146,Diet_soft_drinks
924,Beverages_carbonated_beverage_cola_without_caffeine,14147,Soft_drinks_carbonated
924,Beverages_carbonated_cola_regular,14148,Soft_drinks_carbonated
924,Beverages_Carbonated_beverage_reduced_sugar_cola_contains_caffeine_and_sweeteners,14149,Soft_drinks_carbonated
9242,Beverages_Carbonated_beverage_low_calorie_other_than_cola_or_pepper_with_aspartame_contains_caffeine,14151,Diet_soft_drinks
953,Beverages_Energy_drink_RED_BULL,14154,Energy_drinks
924,Beverages_Carbonated_beverage_tonic_water,14155,Soft_drinks_carbonated
953,Beverages_Energy_drink_RED_BULL_sugar_free_with_added_caffeine_niacin_pantothenic_acid_vitamins_B6_and_B12,14156,Energy_drinks
924,Beverages_Carbonated_beverage_root_beer,14157,Soft_drinks_carbonated
6411,Beverages_Apple_juice_drink_light_fortified_with_vitamin_C,14162,Low_sugar_juice
9532,Beverages_POWERADE_Zero_Mixed_Berry,14167,Sports_drinks
63152,Beverages_coconut_milk_sweetened_fortified_with_calcium_vitamins_A_B12_D2,14171,Coconut_milk
9253,Beverages_Lemonade_fruit_juice_drink_light_fortified_with_vitamin_E_and_C,14174,Fruit_juice_drinks_and_fruit_flavored_drinks_with_high_vitamin_C
9213,Beverages_coffee_ready_to_drink_milk_based_sweetened,14179,Coffee_presweetened
92302,Beverages_tea_Oolong_brewed,14185,Tea_black
9252,Beverages_The_COCACOLA_company_Minute_Maid_Lemonade,14189,Lemonade
92303,Beverages_tea_green_readytodrink_diet,14190,Tea_green
9200,Beverages_Cocoa_mix_powder,14192,Chocolate_powder
9200,Beverages_Cocoa_mix_no_sugar_added_powder,14196,Chocolate_powder
92302,Beverages_tea_black_readytodrink_lemon_sweetened,14199,Tea_black
9211,Beverages_coffee_brewed_prepared_with_tap_water_decaffeinated,14201,Coffee_decaffeinated
9211,Beverages_coffee_brewed_espresso_restaurantprepared_decaffeinated,14202,Coffee_decaffeinated
92104,Beverages_coffee_instant_regular_half_the_caffeine,14203,Coffee_instant
92303,Beverages_tea_green_readytodrink_sweetened,14206,Tea_green
92302,Beverages_tea_readytodrink_lemon_diet,14207,Tea_black
921,Coffee_brewed_prepared_with_tap_water,14209,Coffee
92107,Beverages_coffee_brewed_espresso_restaurantprepared,14210,Espresso
92302,Beverages_tea_black_readytodrink_lemon_diet,14211,Tea_black
92104,Beverages_coffee_instant_regular_powder,14214,Coffee_instant
9253,Beverages_aloe_vera_juice_drink_fortified_with_Vitamin_C,14216,Fruit_juice_drinks_and_fruit_flavored_drinks_with_high_vitamin_C
9211,Beverages_coffee_instant_decaffeinated_powder,14218,Coffee_decaffeinated
92104,Beverages_coffee_instant_mocha_sweetened,14224,Coffee_instant
922,Beverages_coffee_substitute_cereal_grain_beverage_powder,14236,Coffee_substitutes
922,Beverages_coffee_substitute_cereal_grain_beverage_prepared_with_water,14237,Coffee_substitutes
931,Alcoholic_beverages_malt_beer_hard_lemonade,14239,Beers_and_ales
92302,Beverages_tea_black_ready_to_drink,14247,Tea_black
937,Beverages_Amber_hard_cider,14250,Hard_ciders
931,Beverages_Beer_higher_alcohol,14251,Beers_and_ales
934,Alcoholic_beverages_Wine_rose,14253,Wines
92303,Beverages_tea_green_brewed_decaffeinated,14260,Tea_green
92303,Beverages_tea_green_ready_to_drink_unsweetened,14261,Tea_green
92303,Beverages_tea_green_brewed_regular,14278,Tea_green
92302,Beverages_tea_black_ready_to_drink_decaffeinated_diet,14280,Tea_black
92302,Beverages_tea_black_ready_to_drink_decaffeinated,14281,Tea_black
9252,Lemonade_frozen_concentrate_white,14292,Lemonade
9252,Lemonadeflavor_drink_powder,14296,Lemonade
931,Malt_beverage_includes_nonalcoholic_beer,14305,Beers_and_ales
118,Beverages_Malted_drink_mix_natural_powder_dairy_based,14311,Milk_dry_and_powdered_mixtures
9200,Beverages_OVALTINE_chocolate_malt_powder,14315,Chocolate_powder
9201,Strawberryflavor_beverage_mix_powder,14350,Strawberry_powder
92302,Beverages_tea_black_brewed_prepared_with_tap_water_decaffeinated,14352,Tea_black
92305,Beverages_tea_instant_decaffeinated_unsweetened,14353,Tea_from_powdered_instant
92302,Beverages_tea_black_brewed_prepared_with_tap_water,14355,Tea_black
92305,Beverages_tea_instant_decaffeinated_lemon_diet,14356,Tea_from_powdered_instant
92305,Beverages_tea_instant_unsweetened_powder,14366,Tea_from_powdered_instant
92305,Beverages_tea_instant_lemon_unsweetened,14368,Tea_from_powdered_instant
92305,Beverages_tea_instant_lemon_sweetened_powder,14370,Tea_from_powdered_instant
92305,Beverages_tea_instant_lemon_diet,14376,Tea_from_powdered_instant
92306,Beverages_tea_herb_other_than_chamomile_brewed,14381,Tea_herbal
9202,Orangeflavor_drink_breakfast_type_powder,14407,Orange_powder
94,Water_tap_drinking,14411,Water
932,Alcoholic_beverage_liqueur_coffee_53_proof,14414,Cordials_and_liqueurs
932,Alcoholic_beverage_liqueur_coffee_with_cream_34_proof,14415,Cordials_and_liqueurs
9242,Beverages_Carbonated_beverage_low_calorie_cola_or_peppertype_with_aspartame_contains_caffeine,14416,Diet_soft_drinks
94,Water_tap_municipal,14429,Water
9256,Orange_breakfast_drink_readytodrink_with_added_nutrients,14436,Orange_drink
9532,Beverages_PEPSICO_QUAKER_Gatorade_G_performance_O_2_readytodrink,14460,Sports_drinks
9532,Beverages_COCACOLA_POWERADE_lemonlime_flavored_readytodrink,14461,Sports_drinks
9410,Beverages_Propel_Zero_fruitflavored_noncarbonated,14462,Water_bottled_flavored
92306,Beverages_tea_herb_brewed_chamomile,14545,Tea_herbal
9241,Carbonated_beverage_chocolateflavored_soda,14552,Carbonated_soft_drinks
934,Beverages_Wine_nonalcoholic,14553,Wines
941,Water_bottled_generic,14555,Water_bottled
9200,Beverages_Chocolateflavor_beverage_mix_for_milk_powder_with_added_nutrients,14557,Chocolate_powder
9532,Beverages_Powerade_Zero_Ion4_caloriefree_assorted_flavors,14599,Sports_drinks
9410,Water_noncarbonated_bottles_natural_fruit_flavors_sweetened_with_low_calorie_sweetener,14604,Water_bottled_flavored
9253,Beverages_Water_with_added_vitamins_and_minerals_bottles_sweetened_assorted_fruit_flavors,14605,Fruit_juice_drinks_and_fruit_flavored_drinks_with_high_vitamin_C
953,Beverages_Energy_drink_AMP,14625,Energy_drinks
953,Beverages_Energy_drink_FULL_THROTTLE,14626,Energy_drinks
953,Beverages_Energy_Drink_Monster_fortified_with_vitamins_C_B2_B3_B6_B12,14627,Energy_drinks
953,Beverages_Energy_drink_AMP_sugar_free,14628,Energy_drinks
953,Beverages_Energy_drink_ROCKSTAR,14629,Energy_drinks
953,Beverages_Energy_drink_ROCKSTAR_sugar_free,14630,Energy_drinks
1136,Beverages_rice_milk_unsweetened,14639,Milk_rice
953,Beverages_Energy_drink_VAULT_citrus_flavor,14640,Energy_drinks
9532,Beverages__PEPSICO_QUAKER_Gatorade_G2_low_calorie,14644,Sports_drinks
92306,Beverages_tea_hibiscus_brewed,14649,Tea_herbal
26105,Fish_carp_raw,15008,Carp
26207,Fish_caviar_black_and_red_granular,15012,Roe_shad
26109,Fish_cod_Atlantic_cooked_dry_heat,15016,Cod
26109,Fish_cod_Atlantic_canned_solids_and_liquid,15017,Cod
26109,Fish_cod_Atlantic_dried_and_salted,15018,Cod
26109,Fish_cod_Pacific_raw_may_have_been_previously_frozen,15019,Cod
26111,Fish_croaker_Atlantic_raw,15020,Croaker
26113,Fish_eel_mixed_species_raw,15025,Eel
26115,Fish_flatfish_flounder_and_sole_species_raw,15028,Flounder
26117,Fish_haddock_raw,15033,Haddock
26118,Fish_halibut_Atlantic_and_Pacific_raw,15036,Halibut
26119,Fish_herring_Atlantic_raw,15039,Herring
26119,Fish_herring_Atlantic_pickled,15041,Herring
26119,Fish_herring_Atlantic_kippered,15042,Herring
26121,Fish_mackerel_Atlantic_raw,15046,Mackerel
26121,Fish_mackerel_jack_canned_drained_solids,15048,Mackerel
26121,Fish_mackerel_Pacific_and_jack_mixed_species_raw,15050,Mackerel
26123,Fish_mullet_striped_raw,15055,Mullet
26125,Fish_ocean_perch_Atlantic_raw,15057,Ocean_perch
26127,Fish_perch_mixed_species_raw,15060,Perch
26129,Fish_pike_northern_raw,15062,Pike
26159,Fish_pollock_Alaska_raw_may_have_been_previously_frozen,15066,Pollock
26131,Fish_pompano_florida_raw,15068,Pompano
26209,Fish_roe_mixed_species_raw,15072,Roe_herring
26137,Fish_salmon_chinook_smoked,15077,Salmon
26137,Fish_salmon_chum_canned_drained_solids_with_bone,15080,Salmon
26137,Fish_salmon_pink_raw,15083,Salmon
26137,Fish_salmon_pink_canned_total_can_contents,15084,Salmon
26137,Fish_salmon_sockeye_raw,15085,Salmon
26137,Fish_salmon_sockeye_canned_drained_solids,15087,Salmon
26139,Fish_sardine_Atlantic_canned_in_oil_drained_solids_with_bone,15088,Sardines
26138,Fish_scup_raw,15090,Scup
26141,Fish_sea_bass_mixed_species_raw,15091,Sea_bass
26143,Fish_shark_mixed_species_raw,15095,Shark
26136,Fish_snapper_mixed_species_raw,15101,Snapper
26147,Fish_sturgeon_mixed_species_raw,15104,Sturgeon
26149,Fish_swordfish_raw,15110,Swordfish
26155,Fish_tuna_light_canned_in_water_drained_solids,15121,Tuna_canned
26153,Fish_tuna_fresh_yellowfin_raw,15127,Tuna_fresh
2610,Fish_whitefish_mixed_species_raw,15130,Finfish_NS
26157,Fish_whiting_mixed_species_raw,15132,Whiting
26308,Crustaceans_crab_alaska_king_imitation_made_from_surimi,15138,Crab_imitation
26305,Crustaceans_crab_blue_cooked_moist_heat,15140,Crab_hard_shell
26305,Crustaceans_crab_blue_canned,15141,Crab_hard_shell
26309,Crustaceans_crayfish_mixed_species_wild_raw,15145,Crayfish
26309,Crustaceans_crayfish_mixed_species_wild_cooked_moist_heat,15146,Crayfish
26311,Crustaceans_lobster_northern_raw,15147,Lobster
26311,Crustaceans_lobster_northern_cooked_moist_heat,15148,Lobster
26319,Crustaceans_shrimp_mixed_species_raw_may_have_been_previously_frozen,15149,Shrimp
26319,Crustaceans_shrimp_mixed_species_cooked_moist_heat_may_have_been_previously_frozen,15151,Shrimp
26319,Crustaceans_shrimp_mixed_species_canned,15152,Shrimp
26303,Mollusks_clam_mixed_species_raw,15157,Clams
26303,Mollusks_clam_mixed_species_canned_drained_solids,15160,Clams
26303,Mollusks_clam_mixed_species_canned_liquid,15162,Clams
26313,Mollusks_mussel_blue_raw,15164,Mussels
26205,Mollusks_octopus_common_raw,15166,Octopus
26315,Mollusks_oyster_eastern_wild_raw,15167,Oysters
26315,Mollusks_oyster_eastern_canned,15170,Oysters
26317,Mollusks_scallop_mixed_species_raw,15172,Scallops
26213,Mollusks_squid_mixed_species_raw,15175,Squid
26109,Fish_cod_Pacific_cooked_dry_heat_may_have_been_previously_frozen,15192,Cod
26205,Mollusks_octopus_common_cooked_moist_heat,15230,Octopus
26107,Fish_catfish_channel_farmed_raw,15234,Catfish
26151,Fish_trout_rainbow_farmed_raw,15240,Trout
26158,Fish_tilapia_raw,15261,Tilapia
41201,Beans_baked_canned_plain_or_vegetarian,16006,Baked_beans
41102,Beans_black_mature_seeds_raw,16014,Black_beans
41102,Beans_black_mature_seeds_cooked_boiled_without_salt,16015,Black_beans
41102,Beans_black_turtle_mature_seeds_cooked_boiled_without_salt,16017,Black_beans
41102,Beans_black_turtle_mature_seeds_canned,16018,Black_beans
411012,Beans_great_northern_mature_seeds_canned,16026,White_beans_canned
41106,Beans_kidney_all_types_mature_seeds_cooked_boiled_without_salt,16028,Red_kidney_beans
41106,Beans_kidney_red_mature_seeds_raw,16032,Red_kidney_beans
41106,Beans_kidney_red_mature_seeds_cooked_boiled_without_salt,16033,Red_kidney_beans
411061,Beans_kidney_red_mature_seeds_canned_solids_and_liquids,16034,Red_kidney_beans_canned
41103,Beans_pink_mature_seeds_raw,16040,Pink_beans
41103,Beans_pink_mature_seeds_cooked_boiled_without_salt,16041,Pink_beans
41104,Beans_pinto_mature_seeds_raw,16042,Pinto_calico_or_red_Mexican_beans
41104,Beans_pinto_mature_seeds_cooked_boiled_without_salt,16043,Pinto_calico_or_red_Mexican_beans
4110,Beans_yellow_mature_seeds_cooked_boiled_without_salt,16048,Beans_NS_to_type
411012,Beans_white_mature_seeds_cooked_boiled_without_salt,16050,White_beans_canned
41111,Broadbeans_fava_beans_mature_seeds_cooked_boiled_without_salt,16053,Fava_beans
441,Carob_flour,16055,Carob_powder_flour
41105,Chickpeas_garbanzo_beans_bengal_gram_mature_seeds_raw,16056,Chickpeas
41105,Chickpeas_garbanzo_beans_bengal_gram_mature_seeds_cooked_boiled_without_salt,16057,Chickpeas
41210,Chili_with_beans_canned,16059,Chili
4131,Cowpeas_common_blackeyes_crowder_southern_mature_seeds_cooked_boiled_without_salt,16063,Peas_cowpeas
413,Lentils_raw,16069,Peas_or_lentils
413,Lentils_mature_seeds_cooked_boiled_without_salt,16070,Peas_or_lentils
41112,Lima_beans_large_mature_seeds_cooked_boiled_without_salt,16072,Lima_beans
41108,Mung_beans_mature_seeds_cooked_boiled_without_salt,16081,Mung_beans
413,Peas_split_mature_seeds_cooked_boiled_without_salt,16086,Peas_or_lentils
42111,Peanuts_all_types_raw,16087,Peanuts
42111,Peanuts_all_types_cooked_boiled_with_salt,16088,Peanuts
42111,Peanuts_all_types_oilroasted_with_salt,16089,Peanuts
42111,Peanuts_all_types_dryroasted_with_salt,16090,Peanuts
42202,Peanut_butter_smooth_style_with_salt,16098,Peanut_butter
42117,Peanut_flour_defatted,16099,Peanut_flour
411043,Refried_beans_canned_traditional_style_includes_USDA_commodity,16103,Refried_beans
4144,Bacon_meatless,16104,Textured_vegetable_protein
290,Sausage_meatless,16107,Beef_meatless
41107,Soybeans_mature_cooked_boiled_without_salt,16109,Soybeans
41107,Soybeans_mature_seeds_roasted_salted,16110,Soybeans
41423,Miso,16112,Miso
41424,Natto,16113,Natto
41426,Soy_flour_fullfat_raw,16115,Soy_flour
41426,Soy_flour_defatted,16117,Soy_flour
9521,Soy_protein_isolate,16122,Protein_powders
869,Soy_sauce_made_from_soy_and_wheat_shoyu,16123,Soy_sauce
41427,Tofu_soft_prepared_with_calcium_sulfate_and_magnesium_chloride_nigari,16127,Tofu
41427,Tofu_fried,16129,Tofu
1132,Soymilk_original_and_vanilla_with_added_calcium_vitamins_A_and_D,16139,Milk_soy
1132,Soymilk_chocolate_with_added_calcium_vitamins_A_and_D,16168,Milk_soy
411043,Refried_beans_canned_fatfree,16172,Refried_beans
1132,Soymilk_original_and_vanilla_light_with_added_calcium_vitamins_A_and_D,16225,Milk_soy
1132,Soymilk_chocolate_and_other_flavors_light_with_added_calcium_vitamins_A_and_D,16227,Milk_soy
1132,Soymilk_all_flavors_nonfat_with_added_calcium_vitamins_A_and_D,16230,Milk_soy
41102,Beans_black_mature_seeds_canned_low_sodium,16316,Black_beans
411012,Beans_great_northern_mature_seeds_canned_low_sodium,16326,White_beans_canned
411061,Beans_mature_red_kidney_canned_solids_and_liquid_low_sodium,16337,Red_kidney_beans_canned
411041,Beans_pinto_mature_seeds_canned_solids_and_liquids_low_sodium,16347,Pinto_calico_or_red_Mexican_beans_canned
41105,Chickpeas_garbanzo_beans_bengal_gram_mature_seeds_canned_solids_and_liquids_low_sodium,16360,Chickpeas
42111,Peanuts_all_types_oilroasted_without_salt,16389,Peanuts
42111,Peanuts_all_types_dryroasted_without_salt,16390,Peanuts
411043,Refried_beans_canned_traditional_reduced_sodium,16403,Refried_beans
869,Soy_sauce_made_from_soy_and_wheat_shoyu_low_sodium,16424,Soy_sauce
2310,Lamb_domestic_composite_of_trimmed_retail_cuts_separable_lean_and_fat_trimmed_to_14_fat_choice_cooked,17002,Lamb_chop_loin_shoulder
2310,Lamb_domestic_foreshank_separable_lean_and_fat_trimmed_to_14_fat_choice_cooked_braised,17008,Lamb_chop_loin_shoulder
2312,Lamb_domestic_leg_whole_shank_and_sirloin_separable_lean_and_fat_trimmed_to_14_fat_choice_cooked_roasted,17012,Lamb_roast
2312,Lamb_domestic_leg_whole_shank_and_sirloin_separable_lean_only_trimmed_to_14_fat_choice_cooked_roasted,17014,Lamb_roast
2310,Lamb_domestic_loin_separable_lean_and_fat_trimmed_to_14_fat_choice_cooked_broiled,17024,Lamb_chop_loin_shoulder
2310,Lamb_domestic_loin_separable_lean_only_trimmed_to_14_fat_choice_cooked_broiled,17027,Lamb_chop_loin_shoulder
2311,Lamb_domestic_rib_separable_lean_and_fat_trimmed_to_14_fat_choice_cooked_broiled,17030,Lamb_ribs_hocks
2311,Lamb_domestic_rib_separable_lean_only_trimmed_to_14_fat_choice_cooked_broiled,17033,Lamb_ribs_hocks
2310,Lamb_domestic_shoulder_whole_arm_and_blade_separable_lean_and_fat_trimmed_to_14_fat_choice_raw,17035,Lamb_chop_loin_shoulder
2310,Lamb_domestic_shoulder_whole_arm_and_blade_separable_lean_and_fat_trimmed_to_14_fat_choice_cooked_roasted,17038,Lamb_chop_loin_shoulder
2310,Lamb_domestic_shoulder_whole_arm_and_blade_separable_lean_only_trimmed_to_14_fat_choice_cooked_roasted,17042,Lamb_chop_loin_shoulder
2310,Lamb_domestic_cubed_for_stew_or_kabob_leg_and_shoulder_separable_lean_only_trimmed_to_14_fat_cooked_braised,17060,Lamb_chop_loin_shoulder
2320,Veal_composite_of_trimmed_retail_cuts_separable_lean_and_fat_cooked,17089,Veal_NS_chop_or_cutlet
2320,Veal_composite_of_trimmed_retail_cuts_separable_lean_only_cooked,17091,Veal_NS_chop_or_cutlet
2323,Veal_leg_top_round_separable_lean_and_fat_cooked_braised,17095,Veal_leg
2323,Veal_leg_top_round_separable_lean_and_fat_cooked_panfried_breaded,17096,Veal_leg
2323,Veal_leg_top_round_separable_lean_and_fat_cooked_roasted,17098,Veal_leg
2323,Veal_leg_top_round_separable_lean_only_cooked_panfried_not_breaded,17102,Veal_leg
2324,Veal_loin_separable_lean_and_fat_raw,17104,Veal_loin_shoulder
2324,Veal_loin_separable_lean_only_cooked_roasted,17109,Veal_loin_shoulder
2320,Veal_sirloin_separable_lean_and_fat_raw,17134,Veal_NS_chop_or_cutlet
2320,Veal_sirloin_separable_lean_and_fat_cooked_roasted,17136,Veal_NS_chop_or_cutlet
2322,Veal_ground_cooked_broiled,17143,Veal_ground_or_patty
23323,Game_meat_bear_cooked_simmered,17147,Moose_or_bear
23326,Game_meat_bison_separable_lean_only_cooked_roasted,17157,Bison
2334,Game_meat_boar_wild_cooked_roasted,17159,Armadillo_wild_pig
2315,Game_meat_goat_cooked_roasted,17169,Goat_NS_cooked
23323,Game_meat_moose_cooked_roasted,17173,Moose_or_bear
2331,Game_meat_rabbit_domesticated_composite_of_cuts_cooked_stewed,17179,Rabit_NS
2333,Game_meat_squirrel_cooked_roasted,17184,Hog_opossum_squirrel_beaver_raccoon
2313,Lamb_ground_raw,17224,Lamb_ground
2313,Lamb_ground_cooked_broiled,17225,Lamb_ground
23321,Game_meat_deer_ground_raw,17343,Venisondeer_NS_cooked
23321,Game_meat_deer_ground_cooked_panbroiled,17344,Venisondeer_NS_cooked
23321,Game_meat_deer_loin_separable_lean_only_1_steak_cooked_broiled,17345,Venisondeer_NS_cooked
23321,Game_meat_deer_shoulder_clod_separable_lean_only_35_lb_roast_cooked_braised,17346,Venisondeer_NS_cooked
890,Leavening_agents_baking_powder_doubleacting_sodium_aluminum_sulfate,18369,Baking_powder
890,Leavening_agents_baking_powder_doubleacting_straight_phosphate,18370,Baking_powder
891,Leavening_agents_baking_soda,18372,Baking_soda
892,Leavening_agents_cream_of_tartar,18373,Cream_of_tartar
893,Leavening_agents_yeast_bakers_compressed,18374,Yeast_bakers
893,Leavening_agents_yeast_bakers_active_dry,18375,Yeast_bakers
91780,SCHIFFTIGERS_MILK_BAR,19000,
218,Snacks_beef_jerky_chopped_and_formed,19002,Beef_jerky
54403,Snacks_popcorn_airpopped,19034,Popcorn
54403,Snacks_popcorn_cakes,19036,Popcorn
54403,Snacks_popcorn_cheeseflavor,19040,Popcorn
220,Snacks_pork_skins_plain,19041,Pork_NFS_ground_dehydrated
442,Candies_carob_unsweetened,19071,Carob_chips_syrup
460,Baking_chocolate_unsweetened_squares,19078,Baking_chocolate_unsweetened
91700,Candies_confectioners_coating_yogurt,19079,Candy_NFS
9200,Cocoa_dry_powder_unsweetened,19165,Chocolate_powder
9200,Cocoa_dry_powder_unsweetened_processed_with_alkali,19166,Chocolate_powder
91302,Honey,19296,Honey
91404,Marmalade_orange,19303,Marmalade
91310,Molasses,19304,Molasses
91102,Sugars_brown,19334,Sugar_brown
91101,Sugars_granulated,19335,Sugar_white
91101,Sugars_powdered,19336,Sugar_white
91201,Sweeteners_tabletop_aspartame_EQUAL_packets,19337,Aspartame
91311,Syrups_corn_light,19350,Corn_syrup
91312,Syrups_corn_highfructose,19351,High_fructose_corn_syrup
91313,Syrups_maple,19353,Maple_syrup
62107,Snacks_banana_chips,19400,Banana
71202,Snacks_potato_chips_plain_salted,19411,White_potato_chips_unsalted
952,Cocoa_dry_powder_hifat_or_breakfast_processed_with_alkali,19860,Nutrition_powders
91708,Candies_soft_fruit_and_nut_squares,19866,Fruit_candy
91202,Sweeteners_tabletop_sucralose_SPLENDA_packets,19868,Sucralose
91748,Candies_chocolate_dark_NFS_4559_cacao_solids_90_6069_cacao_solids_5_7085_cacao_solids_5,19905,Dark_chocolate
91109,Sweetener_syrup_agave,19912,Agave_liquid
91108,Sweetener_herbal_extract_powder_from_Stevia_leaf,19918,Herbal_extract_sweetener
563,Barley_pearled_raw,20005,Cereal_cooked_barley_or_buckwheat
563,Barley_pearled_cooked,20006,Cereal_cooked_barley_or_buckwheat
563,Buckwheat_groats_roasted_cooked,20010,Cereal_cooked_barley_or_buckwheat
563,Buckwheat_flour_wholegroat,20011,Cereal_cooked_barley_or_buckwheat
568,Bulgur_dry,20012,Wheat_cream_of_bulgur_couscous
568,Bulgur_cooked,20013,Wheat_cream_of_bulgur_couscous
52207,Corn_flour_masa_enriched_white,20017,Corn_flour
52207,Corn_flour_masa_unenriched_white,20019,Corn_flour
564,Cornmeal_degermed_enriched_yellow,20022,Grits_cooked_cornmeal_or_cornstarch
564,Cornstarch,20027,Grits_cooked_cornmeal_or_cornstarch
568,Couscous_cooked,20029,Wheat_cream_of_bulgur_couscous
564,Hominy_canned_white,20030,Grits_cooked_cornmeal_or_cornstarch
565,Millet_cooked,20032,Millet
569,Oat_bran_raw,20033,Oat_bran
5621,Rice_brown_longgrain_raw,20036,Brown_rice
5621,Rice_brown_longgrain_cooked,20037,Brown_rice
5620,Rice_white_longgrain_regular_raw_enriched,20044,White_rice
5620,Rice_white_longgrain_regular_enriched_cooked,20045,White_rice
5620,Rice_white_glutinous_unenriched_cooked,20055,White_rice
5760,Rice_flour_white_unenriched,20061,Rice_flour
5761,Rye_flour_medium,20064,Rye_flour
71930,Tapioca_pearl_dry,20068,Tapioca_starch
569,Wheat_bran_crude,20077,Oat_bran
501,Wheat_flour_wholegrain,20080,Wheat_flour
501,Wheat_flour_white_allpurpose_enriched_bleached,20081,Wheat_flour
501,Wheat_flour_white_bread_enriched,20083,Wheat_flour
5622,Wild_rice_raw,20088,Wild_rice
5622,Wild_rice_cooked,20089,Wild_rice
56104,Macaroni_vegetable_enriched_cooked,20106,Macaroni_cooked_vegetable
5611,Noodles_egg_dry_enriched,20109,Noodles
56112,Noodles_egg_enriched_cooked,20110,Noodles_cooked
56114,Noodles_egg_spinach_enriched_cooked,20112,Noodles_cooked_spinach
56116,Noodles_chinese_chow_mein,20113,Chow_mein_or_long_rice_noodles
5611,Noodles_flat_crunchy_Chinese_restaurant,20118,Noodles
561,Pasta_dry_enriched,20120,Pastas
561,Pasta_cooked_enriched_without_added_salt,20121,Pastas
56133,Pasta_wholewheat_cooked,20125,Spaghetti_whole_wheat
56116,Rice_noodles_cooked,20134,Chow_mein_or_long_rice_noodles
567,Quinoa_cooked,20137,Quinoa
5620,Rice_white_longgrain_regular_cooked_enriched_with_salt,20345,White_rice
5620,Rice_white_longgrain_regular_unenriched_cooked_without_salt,20445,White_rice
501,Wheat_flour_white_allpurpose_unenriched,20481,Wheat_flour
211,Beef_rib_eye_steak_boneless_lipon_separable_lean_only_trimmed_to_18_fat_all_grades_cooked_grilled,23100,Beef_steak
211,Beef_rib_eye_steak_boneless_lipon_separable_lean_and_fat_trimmed_to_18_fat_all_grades_cooked_grilled,23197,Beef_steak
215,Ground_beef_raw_averaged,23222,Ground_beef_beef_patties_beef_meatballs
215,Ground_beef_cooked_averaged,23223,Ground_beef_beef_patties_beef_meatballs
215,Beef_round_top_round_roast_boneless_separable_lean_and_fat_trimmed_to_0_fat_all_grades_raw,23327,Ground_beef_beef_patties_beef_meatballs
211,Beef_loin_top_loin_steak_boneless_lip_off_separable_lean_and_fat_trimmed_to_0_fat_all_grades_raw,23339,Beef_steak
214,Beef_round_top_round_roast_boneless_separable_lean_and_fat_trimmed_to_0_fat_all_grades_cooked_roasted,23348,Beef_roasts_stew_meat_corned_beef_beef_brisket_sandwich_steaks
211,Beef_round_top_round_steak_boneless_separable_lean_only_trimmed_to_0_fat_all_grades_raw,23354,Beef_steak
214,Beef_round_top_round_roast_boneless_separable_lean_only_trimmed_to_0_fat_all_grades_raw,23357,Beef_roasts_stew_meat_corned_beef_beef_brisket_sandwich_steaks
214,Beef_round_eye_of_round_roast_boneless_separable_lean_only_trimmed_to_0_fat_all_grades_raw,23360,Beef_roasts_stew_meat_corned_beef_beef_brisket_sandwich_steaks
211,Beef_loin_top_loin_steak_boneless_lip_off_separable_lean_only_trimmed_to_0_fat_all_grades_raw,23369,Beef_steak
214,Beef_round_top_round_roast_boneless_separable_lean_only_trimmed_to_0_fat_all_grades_cooked_roasted,23378,Beef_roasts_stew_meat_corned_beef_beef_brisket_sandwich_steaks
215,Beef_ground_90_lean_meat__10_fat_raw,23562,Ground_beef_beef_patties_beef_meatballs
215,Beef_ground_90_lean_meat__10_fat_patty_cooked_broiled,23563,Ground_beef_beef_patties_beef_meatballs
215,Beef_ground_85_lean_meat__15_fat_raw,23567,Ground_beef_beef_patties_beef_meatballs
215,Beef_ground_85_lean_meat__15_fat_patty_cooked_broiled,23568,Ground_beef_beef_patties_beef_meatballs
215,Beef_ground_85_lean_meat__15_fat_crumbles_cooked_panbrowned,23570,Ground_beef_beef_patties_beef_meatballs
215,Beef_ground_80_lean_meat__20_fat_raw,23572,Ground_beef_beef_patties_beef_meatballs
215,Beef_ground_80_lean_meat__20_fat_patty_cooked_broiled,23573,Ground_beef_beef_patties_beef_meatballs
215,Beef_ground_80_lean_meat__20_fat_crumbles_cooked_panbrowned,23575,Ground_beef_beef_patties_beef_meatballs
215,Beef_ground_75_lean_meat__25_fat_patty_cooked_broiled,23578,Ground_beef_beef_patties_beef_meatballs
215,Beef_ground_75_lean_meat__25_fat_crumbles_cooked_panbrowned,23580,Ground_beef_beef_patties_beef_meatballs
215,Beef_ground_75_lean_meat__25_fat_loaf_cooked_baked,23581,Ground_beef_beef_patties_beef_meatballs
211,Beef_top_sirloin_steak_separable_lean_only_trimmed_to_18_fat_select_cooked_broiled,23588,Beef_steak
214,Beef_round_bottom_round__roast_separable_lean_only_trimmed_to_18_fat_select_cooked_roasted,23590,Beef_roasts_stew_meat_corned_beef_beef_brisket_sandwich_steaks
214,Beef_chuck_arm_pot_roast_separable_lean_only_trimmed_to_18_fat_all_grades_cooked_braised,23602,Beef_roasts_stew_meat_corned_beef_beef_brisket_sandwich_steaks
211,Beef_short_loin_top_loin_steak_separable_lean_only_trimmed_to_18_fat_all_grades_cooked_broiled,23606,Beef_steak
211,Beef_top_sirloin_steak_separable_lean_only_trimmed_to_18_fat_all_grades_cooked_broiled,23610,Beef_steak
214,Beef_chuck_arm_pot_roast_separable_lean_only_trimmed_to_18_fat_choice_raw,23612,Beef_roasts_stew_meat_corned_beef_beef_brisket_sandwich_steaks
214,Beef_chuck_arm_pot_roast_separable_lean_only_trimmed_to_18_fat_choice_cooked_braised,23614,Beef_roasts_stew_meat_corned_beef_beef_brisket_sandwich_steaks
214,Beef_round_eye_of_round_roast_separable_lean_only_trimmed_to_18_fat_choice_raw,23616,Beef_roasts_stew_meat_corned_beef_beef_brisket_sandwich_steaks
211,Beef_top_sirloin_steak_separable_lean_only_trimmed_to_18_fat_choice_raw,23625,Beef_steak
213,Beef_rib_small_end_ribs_1012_separable_lean_only_trimmed_to_18fat_choice_cooked_broiled,23626,Beef_oxtails_neckbones_short_ribs_head
211,Beef_top_sirloin_steak_separable_lean_only_trimmed_to_18_fat_choice_cooked_broiled,23629,Beef_steak
214,Beef_chuck_arm_pot_roast_separable_lean_only_trimmed_to_18_fat_select_raw,23631,Beef_roasts_stew_meat_corned_beef_beef_brisket_sandwich_steaks
71940,Snacks_sweet_potato_chips_unsalted,25012,Sweet_potato_chips
7190,Snacks_plantain_chips_salted,25027,Plantain_fried_or_boiled
4130,Snacks_peas_roasted_wasabiflavored,25066,Roasted_pea_snacks
75103,Wasabi,27064,Wasabi
8608,Sauce_horseradish,27066,Horseradish_sauce
1222,Whipped_topping_frozen_low_fat,42135,Whipped_toppings
1223,Cream_substitute_powdered_light,42136,Cream_substitutes_powdered
12,Cream_substitute_liquid_light,42141,Creams_and_cream_substitutes
141062,Cheese_monterey_low_fat,42155,Monterey
1145,Frozen_yogurts_chocolate_nonfat_milk_sweetened_without_sugar,42185,Yogurt_frozen_NS
1145,Frozen_yogurts_chocolate,42186,Yogurt_frozen_NS
1146,Frozen_yogurts_flavors_other_than_chocolate,42187,Yogurt_frozen_flavored
1117,Milk_buttermilk_fluid_cultured_reduced_fat,42189,Buttermilk
8222,Oil_flaxseed_cold_pressed,42231,Flaxseed_oil
1114,Milk_fluid_nonfat_calcium_fortified_fat_free_or_skim,42290,Milk_fluid_nonfat
141072,Cheese_muenster_low_fat,42303,Muenster
141070,Cheese_mozzarella_nonfat,42304,Mozzarella
81104,Margarinelike_vegetable_oilbutter_spread_reduced_calorie_tub_with_salt,42309,Margarine_like_spread_or_vegetable_oil_spread
918,Chewing_gum_sugarless,43060,Chewing_gums
9533,Fluid_replacement_electrolyte_solution_include_PEDIALYTE,43075,Fluid_replacements
293,Vegetarian_fillets,43134,Vegetarian_filets
75227,Radishes_hawaiian_style_pickled,43142,Radish
75210,Cabbage_japanese_style_fresh_pickled,43143,Cabbage_Chinese
934,Alcoholic_beverage_wine_light,43155,Wines
91200,Sweeteners_tabletop_saccharin_sodium_saccharin,43158,Saccharin
954,Beverage_instant_breakfast_powder_chocolate_not_reconstituted,43205,Meal_replacement
91105,Sweeteners_tabletop_fructose_dry_powder,43216,Fructose_sugar_substitute
954,Beverage_instant_breakfast_powder_chocolate_sugarfree_not_reconstituted,43260,Meal_replacement
1223,Whipped_cream_substitute_dietetic_made_from_powdered_mix,43268,Cream_substitutes_powdered
143,Cheese_cream_low_fat,43274,Cream_cheeses
1442,Cheese_spread_cream_cheese_base,43276,Cheese_spread
244,Quail_cooked_total_edible,43282,Other_poultry
710,Potatoes_canned_drained_solids_no_salt_added,43311,White_potatoes_NFS
24203,Turkey_wing_smoked_cooked_with_skin_bone_removed,43366,Turkey_wing
24202,Turkey_drumstick_smoked_cooked_with_skin_bone_removed,43367,Turkey_drumstick_or_thigh
2260,Pork_cured_bacon_cooked_broiled_panfried_or_roasted_reduced_sodium,43378,Bacon_NS
647,Cranberry_juice_unsweetened,43382,Cranberry_juice
72128,Turnip_greens_canned_no_salt_added,43387,Turnip_greens
24201,Turkey_light_or_dark_meat_smoked_cooked_with_skin_bone_removed,43390,Turkey_NS_light_or_dark_meat
24201,Turkey_light_or_dark_meat_smoked_cooked_skin_and_bone_removed,43391,Turkey_NS_light_or_dark_meat
71970,Hearts_of_palm_raw,43392,
14410,Cheese_pasteurized_process_cheddar_or_American_low_sodium,43398,Cheese_American
92104,Beverages_coffee_instant_with_whitener_reduced_calorie,43401,Coffee_instant
14412,Cheese_swiss_low_sodium,43405,Cheese_Swiss
672,Babyfood_juice_pear,43408,Fruit_juice_and_fruit_juice_mixtures_baby
938,Alcoholic_beverage_rice_sake,43479,Sake
565,Millet_puffed,43483,Millet
117,Beverages_ABBOTT_ENSURE_PLUS_readytodrink,43528,Infant_formulas_fluid_reconstituted
672,Babyfood_juice_apple__cherry,43535,Fruit_juice_and_fruit_juice_mixtures_baby
1311,Ice_creams_chocolate_rich,43541,Ice_cream
1134,Milk_imitation_nonsoy,43543,Milk_imitation
571,Cereals_readytoeat_POST_HONEY_BUNCHES_OF_OATS_honey_roasted,43570,Ready_to_eat_cereals
14412,Cheese_swiss_low_fat,43589,Cheese_Swiss
5371,Breakfast_bar_corn_flake_crust_with_fruit,43595,Cereal_bars_granola_bars
141070,Cheese_mozzarella_low_sodium,43597,Mozzarella
67,Babyfood_grape_juice_no_sugar_canned,44074,Fruits_and_juices_baby_food
63203,Pie_fillings_blueberry_canned,44158,Blueberries
26203,Frog_legs_raw,80200,Frog
26317,Mollusks_scallop_bay_and_sea_cooked_steamed,90240,Scallops
26321,Mollusks_snail_raw,90560,Snails
26215,Turtle_green_raw,93600,Turtle
25230,REDUCED_SODIUM_Ham_sliced_prepackaged_deli_meat_96fat_free_water_added,907028,Reduced_sodium_luncheon_meats
25230,REDUCED_SODIUM_Turkey_breast_sliced_prepackaged,907081,Reduced_sodium_luncheon_meats
25230,REDUCED_SODIUM_Chicken_breast_deli_rotisserie_seasoned_sliced_prepackaged,907961,Reduced_sodium_luncheon_meats
990,Vitamin_D_as_ingredient,999328,Vitamin_D
2522,Sausage_turkey_breakfast_links_mild_raw,7919,Sausages
641,Apple_juice_frozen_concentrate_unsweetened_undiluted_without_added_ascorbic_acid,9017,Apple_juice
61101,Grapefruit_raw_pink_and_red_all_areas,9112,Grapefruit
72116,Lettuce_red_leaf_raw,11257,Endive_chicory_escarole_or_romain_lettuce
7331,Squash_summer_crookneck_and_straightneck_raw,11467,Squash_summer
63101,Pie_fillings_apple_canned,19312,Apple_or_applesauce
214,Beef_chuck_for_stew_separable_lean_and_fat_all_grades_cooked_braised,23090,Beef_roasts_stew_meat_corned_beef_beef_brisket_sandwich_steaks
41201,Beans_baked_canned_no_salt_added,43449,Baked_beans
2522,Sausage_pork_chorizo_link_or_ground_cooked_panfried,100173,Sausages
